solid OpenSCAD_Model
  facet normal 1 -0 0
    outer loop
      vertex 45.34 46.79 2
      vertex 45.34 59.32 0
      vertex 45.34 59.32 2
    endloop
  endfacet
  facet normal 1 0 0
    outer loop
      vertex 45.34 59.32 0
      vertex 45.34 46.79 2
      vertex 45.34 46.79 0
    endloop
  endfacet
  facet normal -1 0 0
    outer loop
      vertex 59.49 46.79 0
      vertex 59.49 59.32 2
      vertex 59.49 59.32 0
    endloop
  endfacet
  facet normal -1 -0 0
    outer loop
      vertex 59.49 59.32 2
      vertex 59.49 46.79 0
      vertex 59.49 46.79 2
    endloop
  endfacet
  facet normal 0 1 -0
    outer loop
      vertex 59.49 46.79 0
      vertex 45.34 46.79 2
      vertex 59.49 46.79 2
    endloop
  endfacet
  facet normal 0 1 0
    outer loop
      vertex 45.34 46.79 2
      vertex 59.49 46.79 0
      vertex 45.34 46.79 0
    endloop
  endfacet
  facet normal 1 -0 0
    outer loop
      vertex 64.39 46.75 2
      vertex 64.39 59.32 0
      vertex 64.39 59.32 2
    endloop
  endfacet
  facet normal 1 0 0
    outer loop
      vertex 64.39 59.32 0
      vertex 64.39 46.75 2
      vertex 64.39 46.75 0
    endloop
  endfacet
  facet normal -1 0 0
    outer loop
      vertex 78.54 46.75 0
      vertex 78.54 59.32 2
      vertex 78.54 59.32 0
    endloop
  endfacet
  facet normal -1 -0 0
    outer loop
      vertex 78.54 59.32 2
      vertex 78.54 46.75 0
      vertex 78.54 46.75 2
    endloop
  endfacet
  facet normal 0 1 -0
    outer loop
      vertex 78.54 46.75 0
      vertex 64.39 46.75 2
      vertex 78.54 46.75 2
    endloop
  endfacet
  facet normal 0 1 0
    outer loop
      vertex 64.39 46.75 2
      vertex 78.54 46.75 0
      vertex 64.39 46.75 0
    endloop
  endfacet
  facet normal 1 -0 0
    outer loop
      vertex 64.45 27.6 2
      vertex 64.45 41.75 0
      vertex 64.45 41.75 2
    endloop
  endfacet
  facet normal 1 0 0
    outer loop
      vertex 64.45 41.75 0
      vertex 64.45 27.6 2
      vertex 64.45 27.6 0
    endloop
  endfacet
  facet normal -1 0 0
    outer loop
      vertex 78.6 27.6 0
      vertex 78.6 41.75 2
      vertex 78.6 41.75 0
    endloop
  endfacet
  facet normal -1 -0 0
    outer loop
      vertex 78.6 41.75 2
      vertex 78.6 27.6 0
      vertex 78.6 27.6 2
    endloop
  endfacet
  facet normal 0 -1 0
    outer loop
      vertex 64.45 41.75 0
      vertex 78.6 41.75 2
      vertex 64.45 41.75 2
    endloop
  endfacet
  facet normal 0 -1 -0
    outer loop
      vertex 78.6 41.75 2
      vertex 64.45 41.75 0
      vertex 78.6 41.75 0
    endloop
  endfacet
  facet normal 0 1 -0
    outer loop
      vertex 74.284 27.6 0
      vertex 64.45 27.6 2
      vertex 74.284 27.6 2
    endloop
  endfacet
  facet normal 0 1 0
    outer loop
      vertex 64.45 27.6 2
      vertex 74.284 27.6 0
      vertex 64.45 27.6 0
    endloop
  endfacet
  facet normal 0 1 -0
    outer loop
      vertex 78.6 27.6 0
      vertex 78.356 27.6 2
      vertex 78.6 27.6 2
    endloop
  endfacet
  facet normal 0 1 0
    outer loop
      vertex 78.356 27.6 2
      vertex 78.6 27.6 0
      vertex 78.356 27.6 0
    endloop
  endfacet
  facet normal 1 -0 0
    outer loop
      vertex 83.57 46.75 2
      vertex 83.57 59.32 0
      vertex 83.57 59.32 2
    endloop
  endfacet
  facet normal 1 0 0
    outer loop
      vertex 83.57 59.32 0
      vertex 83.57 46.75 2
      vertex 83.57 46.75 0
    endloop
  endfacet
  facet normal 0 1 -0
    outer loop
      vertex 96.16 46.75 0
      vertex 83.57 46.75 2
      vertex 96.16 46.75 2
    endloop
  endfacet
  facet normal 0 1 0
    outer loop
      vertex 83.57 46.75 2
      vertex 96.16 46.75 0
      vertex 83.57 46.75 0
    endloop
  endfacet
  facet normal -0.995186 -0.0980073 0
    outer loop
      vertex 4.1 2.5 0
      vertex 4.06926 2.81214 2
      vertex 4.06926 2.81214 0
    endloop
  endfacet
  facet normal -0.995186 -0.0980073 0
    outer loop
      vertex 4.06926 2.81214 2
      vertex 4.1 2.5 0
      vertex 4.1 2.5 2
    endloop
  endfacet
  facet normal 0.0980042 -0.995186 0
    outer loop
      vertex 2.18785 4.06926 0
      vertex 2.5 4.1 2
      vertex 2.18785 4.06926 2
    endloop
  endfacet
  facet normal 0.0980042 -0.995186 0
    outer loop
      vertex 2.5 4.1 2
      vertex 2.18785 4.06926 0
      vertex 2.5 4.1 0
    endloop
  endfacet
  facet normal -0.0980168 0.995185 0
    outer loop
      vertex 2.81214 0.930743 0
      vertex 2.5 0.9 2
      vertex 2.81214 0.930743 2
    endloop
  endfacet
  facet normal -0.0980168 0.995185 0
    outer loop
      vertex 2.5 0.9 2
      vertex 2.81214 0.930743 0
      vertex 2.5 0.9 0
    endloop
  endfacet
  facet normal 0.63439 0.773013 -0
    outer loop
      vertex 1.61109 1.16965 0
      vertex 1.36863 1.36863 2
      vertex 1.61109 1.16965 2
    endloop
  endfacet
  facet normal 0.63439 0.773013 0
    outer loop
      vertex 1.36863 1.36863 2
      vertex 1.61109 1.16965 0
      vertex 1.36863 1.36863 0
    endloop
  endfacet
  facet normal -0.63439 -0.773013 0
    outer loop
      vertex 3.38891 3.83035 0
      vertex 3.63137 3.63137 2
      vertex 3.38891 3.83035 2
    endloop
  endfacet
  facet normal -0.63439 -0.773013 -0
    outer loop
      vertex 3.63137 3.63137 2
      vertex 3.38891 3.83035 0
      vertex 3.63137 3.63137 0
    endloop
  endfacet
  facet normal 0.773013 -0.63439 0
    outer loop
      vertex 1.16965 3.38891 2
      vertex 1.36863 3.63137 0
      vertex 1.36863 3.63137 2
    endloop
  endfacet
  facet normal 0.773013 -0.63439 0
    outer loop
      vertex 1.36863 3.63137 0
      vertex 1.16965 3.38891 2
      vertex 1.16965 3.38891 0
    endloop
  endfacet
  facet normal 0.471405 -0.881917 0
    outer loop
      vertex 1.61109 3.83035 0
      vertex 1.88771 3.97821 2
      vertex 1.61109 3.83035 2
    endloop
  endfacet
  facet normal 0.471405 -0.881917 0
    outer loop
      vertex 1.88771 3.97821 2
      vertex 1.61109 3.83035 0
      vertex 1.88771 3.97821 0
    endloop
  endfacet
  facet normal -0.773013 0.63439 0
    outer loop
      vertex 3.63137 1.36863 0
      vertex 3.83035 1.61109 2
      vertex 3.83035 1.61109 0
    endloop
  endfacet
  facet normal -0.773013 0.63439 0
    outer loop
      vertex 3.83035 1.61109 2
      vertex 3.63137 1.36863 0
      vertex 3.63137 1.36863 2
    endloop
  endfacet
  facet normal -0.881917 -0.471405 0
    outer loop
      vertex 3.97821 3.11229 0
      vertex 3.83035 3.38891 2
      vertex 3.83035 3.38891 0
    endloop
  endfacet
  facet normal -0.881917 -0.471405 0
    outer loop
      vertex 3.83035 3.38891 2
      vertex 3.97821 3.11229 0
      vertex 3.97821 3.11229 2
    endloop
  endfacet
  facet normal -0.95694 -0.290286 0
    outer loop
      vertex 4.06926 2.81214 0
      vertex 3.97821 3.11229 2
      vertex 3.97821 3.11229 0
    endloop
  endfacet
  facet normal -0.95694 -0.290286 0
    outer loop
      vertex 3.97821 3.11229 2
      vertex 4.06926 2.81214 0
      vertex 4.06926 2.81214 2
    endloop
  endfacet
  facet normal -0.773013 -0.63439 0
    outer loop
      vertex 3.83035 3.38891 0
      vertex 3.63137 3.63137 2
      vertex 3.63137 3.63137 0
    endloop
  endfacet
  facet normal -0.773013 -0.63439 0
    outer loop
      vertex 3.63137 3.63137 2
      vertex 3.83035 3.38891 0
      vertex 3.83035 3.38891 2
    endloop
  endfacet
  facet normal -0.290286 -0.95694 0
    outer loop
      vertex 2.81214 4.06926 0
      vertex 3.11229 3.97821 2
      vertex 2.81214 4.06926 2
    endloop
  endfacet
  facet normal -0.290286 -0.95694 -0
    outer loop
      vertex 3.11229 3.97821 2
      vertex 2.81214 4.06926 0
      vertex 3.11229 3.97821 0
    endloop
  endfacet
  facet normal -0.0980073 -0.995186 0
    outer loop
      vertex 2.5 4.1 0
      vertex 2.81214 4.06926 2
      vertex 2.5 4.1 2
    endloop
  endfacet
  facet normal -0.0980073 -0.995186 -0
    outer loop
      vertex 2.81214 4.06926 2
      vertex 2.5 4.1 0
      vertex 2.81214 4.06926 0
    endloop
  endfacet
  facet normal -0.471405 -0.881917 0
    outer loop
      vertex 3.11229 3.97821 0
      vertex 3.38891 3.83035 2
      vertex 3.11229 3.97821 2
    endloop
  endfacet
  facet normal -0.471405 -0.881917 -0
    outer loop
      vertex 3.38891 3.83035 2
      vertex 3.11229 3.97821 0
      vertex 3.38891 3.83035 0
    endloop
  endfacet
  facet normal 0.956943 -0.290277 0
    outer loop
      vertex 0.930743 2.81214 2
      vertex 1.02179 3.11229 0
      vertex 1.02179 3.11229 2
    endloop
  endfacet
  facet normal 0.956943 -0.290277 0
    outer loop
      vertex 1.02179 3.11229 0
      vertex 0.930743 2.81214 2
      vertex 0.930743 2.81214 0
    endloop
  endfacet
  facet normal 0.881917 -0.471405 0
    outer loop
      vertex 1.02179 3.11229 2
      vertex 1.16965 3.38891 0
      vertex 1.16965 3.38891 2
    endloop
  endfacet
  facet normal 0.881917 -0.471405 0
    outer loop
      vertex 1.16965 3.38891 0
      vertex 1.02179 3.11229 2
      vertex 1.02179 3.11229 0
    endloop
  endfacet
  facet normal 0.995185 -0.0980168 0
    outer loop
      vertex 0.9 2.5 2
      vertex 0.930743 2.81214 0
      vertex 0.930743 2.81214 2
    endloop
  endfacet
  facet normal 0.995185 -0.0980168 0
    outer loop
      vertex 0.930743 2.81214 0
      vertex 0.9 2.5 2
      vertex 0.9 2.5 0
    endloop
  endfacet
  facet normal 0.63439 -0.773013 0
    outer loop
      vertex 1.36863 3.63137 0
      vertex 1.61109 3.83035 2
      vertex 1.36863 3.63137 2
    endloop
  endfacet
  facet normal 0.63439 -0.773013 0
    outer loop
      vertex 1.61109 3.83035 2
      vertex 1.36863 3.63137 0
      vertex 1.61109 3.83035 0
    endloop
  endfacet
  facet normal 0.290295 -0.956937 0
    outer loop
      vertex 1.88771 3.97821 0
      vertex 2.18785 4.06926 2
      vertex 1.88771 3.97821 2
    endloop
  endfacet
  facet normal 0.290295 -0.956937 0
    outer loop
      vertex 2.18785 4.06926 2
      vertex 1.88771 3.97821 0
      vertex 2.18785 4.06926 0
    endloop
  endfacet
  facet normal -0.290277 0.956943 0
    outer loop
      vertex 3.11229 1.02179 0
      vertex 2.81214 0.930743 2
      vertex 3.11229 1.02179 2
    endloop
  endfacet
  facet normal -0.290277 0.956943 0
    outer loop
      vertex 2.81214 0.930743 2
      vertex 3.11229 1.02179 0
      vertex 2.81214 0.930743 0
    endloop
  endfacet
  facet normal -0.63439 0.773013 0
    outer loop
      vertex 3.63137 1.36863 0
      vertex 3.38891 1.16965 2
      vertex 3.63137 1.36863 2
    endloop
  endfacet
  facet normal -0.63439 0.773013 0
    outer loop
      vertex 3.38891 1.16965 2
      vertex 3.63137 1.36863 0
      vertex 3.38891 1.16965 0
    endloop
  endfacet
  facet normal 0.471405 0.881917 -0
    outer loop
      vertex 1.88771 1.02179 0
      vertex 1.61109 1.16965 2
      vertex 1.88771 1.02179 2
    endloop
  endfacet
  facet normal 0.471405 0.881917 0
    outer loop
      vertex 1.61109 1.16965 2
      vertex 1.88771 1.02179 0
      vertex 1.61109 1.16965 0
    endloop
  endfacet
  facet normal 0.0980137 0.995185 -0
    outer loop
      vertex 2.5 0.9 0
      vertex 2.18785 0.930743 2
      vertex 2.5 0.9 2
    endloop
  endfacet
  facet normal 0.0980137 0.995185 0
    outer loop
      vertex 2.18785 0.930743 2
      vertex 2.5 0.9 0
      vertex 2.18785 0.930743 0
    endloop
  endfacet
  facet normal 0.773013 0.63439 0
    outer loop
      vertex 1.36863 1.36863 2
      vertex 1.16965 1.61109 0
      vertex 1.16965 1.61109 2
    endloop
  endfacet
  facet normal 0.773013 0.63439 0
    outer loop
      vertex 1.16965 1.61109 0
      vertex 1.36863 1.36863 2
      vertex 1.36863 1.36863 0
    endloop
  endfacet
  facet normal 0.95694 0.290286 0
    outer loop
      vertex 1.02179 1.88771 2
      vertex 0.930743 2.18785 0
      vertex 0.930743 2.18785 2
    endloop
  endfacet
  facet normal 0.95694 0.290286 0
    outer loop
      vertex 0.930743 2.18785 0
      vertex 1.02179 1.88771 2
      vertex 1.02179 1.88771 0
    endloop
  endfacet
  facet normal 0.995185 0.0980137 0
    outer loop
      vertex 0.930743 2.18785 2
      vertex 0.9 2.5 0
      vertex 0.9 2.5 2
    endloop
  endfacet
  facet normal 0.995185 0.0980137 0
    outer loop
      vertex 0.9 2.5 0
      vertex 0.930743 2.18785 2
      vertex 0.930743 2.18785 0
    endloop
  endfacet
  facet normal -0.471405 0.881917 0
    outer loop
      vertex 3.38891 1.16965 0
      vertex 3.11229 1.02179 2
      vertex 3.38891 1.16965 2
    endloop
  endfacet
  facet normal -0.471405 0.881917 0
    outer loop
      vertex 3.11229 1.02179 2
      vertex 3.38891 1.16965 0
      vertex 3.11229 1.02179 0
    endloop
  endfacet
  facet normal -0.956937 0.290295 0
    outer loop
      vertex 3.97821 1.88771 0
      vertex 4.06926 2.18785 2
      vertex 4.06926 2.18785 0
    endloop
  endfacet
  facet normal -0.956937 0.290295 0
    outer loop
      vertex 4.06926 2.18785 2
      vertex 3.97821 1.88771 0
      vertex 3.97821 1.88771 2
    endloop
  endfacet
  facet normal -0.881917 0.471405 0
    outer loop
      vertex 3.83035 1.61109 0
      vertex 3.97821 1.88771 2
      vertex 3.97821 1.88771 0
    endloop
  endfacet
  facet normal -0.881917 0.471405 0
    outer loop
      vertex 3.97821 1.88771 2
      vertex 3.83035 1.61109 0
      vertex 3.83035 1.61109 2
    endloop
  endfacet
  facet normal -0.995186 0.0980042 0
    outer loop
      vertex 4.06926 2.18785 0
      vertex 4.1 2.5 2
      vertex 4.1 2.5 0
    endloop
  endfacet
  facet normal -0.995186 0.0980042 0
    outer loop
      vertex 4.1 2.5 2
      vertex 4.06926 2.18785 0
      vertex 4.06926 2.18785 2
    endloop
  endfacet
  facet normal 0.290286 0.95694 -0
    outer loop
      vertex 2.18785 0.930743 0
      vertex 1.88771 1.02179 2
      vertex 2.18785 0.930743 2
    endloop
  endfacet
  facet normal 0.290286 0.95694 0
    outer loop
      vertex 1.88771 1.02179 2
      vertex 2.18785 0.930743 0
      vertex 1.88771 1.02179 0
    endloop
  endfacet
  facet normal 0.881917 0.471405 0
    outer loop
      vertex 1.16965 1.61109 2
      vertex 1.02179 1.88771 0
      vertex 1.02179 1.88771 2
    endloop
  endfacet
  facet normal 0.881917 0.471405 0
    outer loop
      vertex 1.02179 1.88771 0
      vertex 1.16965 1.61109 2
      vertex 1.16965 1.61109 0
    endloop
  endfacet
  facet normal -0.995198 -0.097881 0
    outer loop
      vertex 95.26 2.5 0
      vertex 95.2293 2.81214 2
      vertex 95.2293 2.81214 0
    endloop
  endfacet
  facet normal -0.995198 -0.097881 0
    outer loop
      vertex 95.2293 2.81214 2
      vertex 95.26 2.5 0
      vertex 95.26 2.5 2
    endloop
  endfacet
  facet normal 0.0980198 -0.995184 0
    outer loop
      vertex 93.3479 4.06926 0
      vertex 93.66 4.1 2
      vertex 93.3479 4.06926 2
    endloop
  endfacet
  facet normal 0.0980198 -0.995184 0
    outer loop
      vertex 93.66 4.1 2
      vertex 93.3479 4.06926 0
      vertex 93.66 4.1 0
    endloop
  endfacet
  facet normal -0.0980292 0.995184 0
    outer loop
      vertex 93.9721 0.930743 0
      vertex 93.66 0.9 2
      vertex 93.9721 0.930743 2
    endloop
  endfacet
  facet normal -0.0980292 0.995184 0
    outer loop
      vertex 93.66 0.9 2
      vertex 93.9721 0.930743 0
      vertex 93.66 0.9 0
    endloop
  endfacet
  facet normal 0.634327 0.773065 -0
    outer loop
      vertex 92.7711 1.16965 0
      vertex 92.5286 1.36863 2
      vertex 92.7711 1.16965 2
    endloop
  endfacet
  facet normal 0.634327 0.773065 0
    outer loop
      vertex 92.5286 1.36863 2
      vertex 92.7711 1.16965 0
      vertex 92.5286 1.36863 0
    endloop
  endfacet
  facet normal -0.634327 -0.773065 0
    outer loop
      vertex 94.5489 3.83035 0
      vertex 94.7914 3.63137 2
      vertex 94.5489 3.83035 2
    endloop
  endfacet
  facet normal -0.634327 -0.773065 -0
    outer loop
      vertex 94.7914 3.63137 2
      vertex 94.5489 3.83035 0
      vertex 94.7914 3.63137 0
    endloop
  endfacet
  facet normal 0.773138 -0.634237 0
    outer loop
      vertex 92.3297 3.38891 2
      vertex 92.5286 3.63137 0
      vertex 92.5286 3.63137 2
    endloop
  endfacet
  facet normal 0.773138 -0.634237 0
    outer loop
      vertex 92.5286 3.63137 0
      vertex 92.3297 3.38891 2
      vertex 92.3297 3.38891 0
    endloop
  endfacet
  facet normal 0.471432 -0.881902 0
    outer loop
      vertex 92.7711 3.83035 0
      vertex 93.0477 3.97821 2
      vertex 92.7711 3.83035 2
    endloop
  endfacet
  facet normal 0.471432 -0.881902 0
    outer loop
      vertex 93.0477 3.97821 2
      vertex 92.7711 3.83035 0
      vertex 93.0477 3.97821 0
    endloop
  endfacet
  facet normal -0.881864 -0.471505 0
    outer loop
      vertex 95.1382 3.11229 0
      vertex 94.9903 3.38891 2
      vertex 94.9903 3.38891 0
    endloop
  endfacet
  facet normal -0.881864 -0.471505 0
    outer loop
      vertex 94.9903 3.38891 2
      vertex 95.1382 3.11229 0
      vertex 95.1382 3.11229 2
    endloop
  endfacet
  facet normal -0.956896 -0.290432 0
    outer loop
      vertex 95.2293 2.81214 0
      vertex 95.1382 3.11229 2
      vertex 95.1382 3.11229 0
    endloop
  endfacet
  facet normal -0.956896 -0.290432 0
    outer loop
      vertex 95.1382 3.11229 2
      vertex 95.2293 2.81214 0
      vertex 95.2293 2.81214 2
    endloop
  endfacet
  facet normal -0.773138 -0.634237 0
    outer loop
      vertex 94.9903 3.38891 0
      vertex 94.7914 3.63137 2
      vertex 94.7914 3.63137 0
    endloop
  endfacet
  facet normal -0.773138 -0.634237 0
    outer loop
      vertex 94.7914 3.63137 2
      vertex 94.9903 3.38891 0
      vertex 94.9903 3.38891 2
    endloop
  endfacet
  facet normal -0.290242 -0.956953 0
    outer loop
      vertex 93.9721 4.06926 0
      vertex 94.2723 3.97821 2
      vertex 93.9721 4.06926 2
    endloop
  endfacet
  facet normal -0.290242 -0.956953 -0
    outer loop
      vertex 94.2723 3.97821 2
      vertex 93.9721 4.06926 0
      vertex 94.2723 3.97821 0
    endloop
  endfacet
  facet normal -0.0980198 -0.995184 0
    outer loop
      vertex 93.66 4.1 0
      vertex 93.9721 4.06926 2
      vertex 93.66 4.1 2
    endloop
  endfacet
  facet normal -0.0980198 -0.995184 -0
    outer loop
      vertex 93.9721 4.06926 2
      vertex 93.66 4.1 0
      vertex 93.9721 4.06926 0
    endloop
  endfacet
  facet normal -0.471432 -0.881902 0
    outer loop
      vertex 94.2723 3.97821 0
      vertex 94.5489 3.83035 2
      vertex 94.2723 3.97821 2
    endloop
  endfacet
  facet normal -0.471432 -0.881902 -0
    outer loop
      vertex 94.5489 3.83035 2
      vertex 94.2723 3.97821 0
      vertex 94.5489 3.83035 0
    endloop
  endfacet
  facet normal 0.956896 -0.290432 0
    outer loop
      vertex 92.0907 2.81214 2
      vertex 92.1818 3.11229 0
      vertex 92.1818 3.11229 2
    endloop
  endfacet
  facet normal 0.956896 -0.290432 0
    outer loop
      vertex 92.1818 3.11229 0
      vertex 92.0907 2.81214 2
      vertex 92.0907 2.81214 0
    endloop
  endfacet
  facet normal 0.881864 -0.471505 0
    outer loop
      vertex 92.1818 3.11229 2
      vertex 92.3297 3.38891 0
      vertex 92.3297 3.38891 2
    endloop
  endfacet
  facet normal 0.881864 -0.471505 0
    outer loop
      vertex 92.3297 3.38891 0
      vertex 92.1818 3.11229 2
      vertex 92.1818 3.11229 0
    endloop
  endfacet
  facet normal 0.995198 -0.097881 0
    outer loop
      vertex 92.06 2.5 2
      vertex 92.0907 2.81214 0
      vertex 92.0907 2.81214 2
    endloop
  endfacet
  facet normal 0.995198 -0.097881 0
    outer loop
      vertex 92.0907 2.81214 0
      vertex 92.06 2.5 2
      vertex 92.06 2.5 0
    endloop
  endfacet
  facet normal 0.634327 -0.773065 0
    outer loop
      vertex 92.5286 3.63137 0
      vertex 92.7711 3.83035 2
      vertex 92.5286 3.63137 2
    endloop
  endfacet
  facet normal 0.634327 -0.773065 0
    outer loop
      vertex 92.7711 3.83035 2
      vertex 92.5286 3.63137 0
      vertex 92.7711 3.83035 0
    endloop
  endfacet
  facet normal 0.290242 -0.956953 0
    outer loop
      vertex 93.0477 3.97821 0
      vertex 93.3479 4.06926 2
      vertex 93.0477 3.97821 2
    endloop
  endfacet
  facet normal 0.290242 -0.956953 0
    outer loop
      vertex 93.3479 4.06926 2
      vertex 93.0477 3.97821 0
      vertex 93.3479 4.06926 0
    endloop
  endfacet
  facet normal -0.995198 0.0978779 0
    outer loop
      vertex 95.2293 2.18785 0
      vertex 95.26 2.5 2
      vertex 95.26 2.5 0
    endloop
  endfacet
  facet normal -0.995198 0.0978779 0
    outer loop
      vertex 95.26 2.5 2
      vertex 95.2293 2.18785 0
      vertex 95.2293 2.18785 2
    endloop
  endfacet
  facet normal -0.290233 0.956956 0
    outer loop
      vertex 94.2723 1.02179 0
      vertex 93.9721 0.930743 2
      vertex 94.2723 1.02179 2
    endloop
  endfacet
  facet normal -0.290233 0.956956 0
    outer loop
      vertex 93.9721 0.930743 2
      vertex 94.2723 1.02179 0
      vertex 93.9721 0.930743 0
    endloop
  endfacet
  facet normal -0.634327 0.773065 0
    outer loop
      vertex 94.7914 1.36863 0
      vertex 94.5489 1.16965 2
      vertex 94.7914 1.36863 2
    endloop
  endfacet
  facet normal -0.634327 0.773065 0
    outer loop
      vertex 94.5489 1.16965 2
      vertex 94.7914 1.36863 0
      vertex 94.5489 1.16965 0
    endloop
  endfacet
  facet normal 0.471432 0.881902 -0
    outer loop
      vertex 93.0477 1.02179 0
      vertex 92.7711 1.16965 2
      vertex 93.0477 1.02179 2
    endloop
  endfacet
  facet normal 0.471432 0.881902 0
    outer loop
      vertex 92.7711 1.16965 2
      vertex 93.0477 1.02179 0
      vertex 92.7711 1.16965 0
    endloop
  endfacet
  facet normal 0.0980292 0.995184 -0
    outer loop
      vertex 93.66 0.9 0
      vertex 93.3479 0.930743 2
      vertex 93.66 0.9 2
    endloop
  endfacet
  facet normal 0.0980292 0.995184 0
    outer loop
      vertex 93.3479 0.930743 2
      vertex 93.66 0.9 0
      vertex 93.3479 0.930743 0
    endloop
  endfacet
  facet normal 0.773138 0.634237 0
    outer loop
      vertex 92.5286 1.36863 2
      vertex 92.3297 1.61109 0
      vertex 92.3297 1.61109 2
    endloop
  endfacet
  facet normal 0.773138 0.634237 0
    outer loop
      vertex 92.3297 1.61109 0
      vertex 92.5286 1.36863 2
      vertex 92.5286 1.36863 0
    endloop
  endfacet
  facet normal 0.956893 0.290441 0
    outer loop
      vertex 92.1818 1.88771 2
      vertex 92.0907 2.18785 0
      vertex 92.0907 2.18785 2
    endloop
  endfacet
  facet normal 0.956893 0.290441 0
    outer loop
      vertex 92.0907 2.18785 0
      vertex 92.1818 1.88771 2
      vertex 92.1818 1.88771 0
    endloop
  endfacet
  facet normal 0.995198 0.0978779 0
    outer loop
      vertex 92.0907 2.18785 2
      vertex 92.06 2.5 0
      vertex 92.06 2.5 2
    endloop
  endfacet
  facet normal 0.995198 0.0978779 0
    outer loop
      vertex 92.06 2.5 0
      vertex 92.0907 2.18785 2
      vertex 92.0907 2.18785 0
    endloop
  endfacet
  facet normal -0.471432 0.881902 0
    outer loop
      vertex 94.5489 1.16965 0
      vertex 94.2723 1.02179 2
      vertex 94.5489 1.16965 2
    endloop
  endfacet
  facet normal -0.471432 0.881902 0
    outer loop
      vertex 94.2723 1.02179 2
      vertex 94.5489 1.16965 0
      vertex 94.2723 1.02179 0
    endloop
  endfacet
  facet normal -0.773138 0.634237 0
    outer loop
      vertex 94.7914 1.36863 0
      vertex 94.9903 1.61109 2
      vertex 94.9903 1.61109 0
    endloop
  endfacet
  facet normal -0.773138 0.634237 0
    outer loop
      vertex 94.9903 1.61109 2
      vertex 94.7914 1.36863 0
      vertex 94.7914 1.36863 2
    endloop
  endfacet
  facet normal -0.956893 0.290441 0
    outer loop
      vertex 95.1382 1.88771 0
      vertex 95.2293 2.18785 2
      vertex 95.2293 2.18785 0
    endloop
  endfacet
  facet normal -0.956893 0.290441 0
    outer loop
      vertex 95.2293 2.18785 2
      vertex 95.1382 1.88771 0
      vertex 95.1382 1.88771 2
    endloop
  endfacet
  facet normal -0.881864 0.471505 0
    outer loop
      vertex 94.9903 1.61109 0
      vertex 95.1382 1.88771 2
      vertex 95.1382 1.88771 0
    endloop
  endfacet
  facet normal -0.881864 0.471505 0
    outer loop
      vertex 95.1382 1.88771 2
      vertex 94.9903 1.61109 0
      vertex 94.9903 1.61109 2
    endloop
  endfacet
  facet normal 0.290233 0.956956 -0
    outer loop
      vertex 93.3479 0.930743 0
      vertex 93.0477 1.02179 2
      vertex 93.3479 0.930743 2
    endloop
  endfacet
  facet normal 0.290233 0.956956 0
    outer loop
      vertex 93.0477 1.02179 2
      vertex 93.3479 0.930743 0
      vertex 93.0477 1.02179 0
    endloop
  endfacet
  facet normal 0.881864 0.471505 0
    outer loop
      vertex 92.3297 1.61109 2
      vertex 92.1818 1.88771 0
      vertex 92.1818 1.88771 2
    endloop
  endfacet
  facet normal 0.881864 0.471505 0
    outer loop
      vertex 92.1818 1.88771 0
      vertex 92.3297 1.61109 2
      vertex 92.3297 1.61109 0
    endloop
  endfacet
  facet normal -0.995184 -0.0980198 0
    outer loop
      vertex 4.1 56.82 0
      vertex 4.06926 57.1321 2
      vertex 4.06926 57.1321 0
    endloop
  endfacet
  facet normal -0.995184 -0.0980198 0
    outer loop
      vertex 4.06926 57.1321 2
      vertex 4.1 56.82 0
      vertex 4.1 56.82 2
    endloop
  endfacet
  facet normal 0.995184 -0.0980292 0
    outer loop
      vertex 0.9 56.82 2
      vertex 0.930743 57.1321 0
      vertex 0.930743 57.1321 2
    endloop
  endfacet
  facet normal 0.995184 -0.0980292 0
    outer loop
      vertex 0.930743 57.1321 0
      vertex 0.9 56.82 2
      vertex 0.9 56.82 0
    endloop
  endfacet
  facet normal 0.0978779 -0.995198 0
    outer loop
      vertex 2.18785 58.3893 0
      vertex 2.5 58.42 2
      vertex 2.18785 58.3893 2
    endloop
  endfacet
  facet normal 0.0978779 -0.995198 0
    outer loop
      vertex 2.5 58.42 2
      vertex 2.18785 58.3893 0
      vertex 2.5 58.42 0
    endloop
  endfacet
  facet normal -0.634428 -0.772982 0
    outer loop
      vertex 3.38891 58.1504 0
      vertex 3.63137 57.9514 2
      vertex 3.38891 58.1504 2
    endloop
  endfacet
  facet normal -0.634428 -0.772982 -0
    outer loop
      vertex 3.63137 57.9514 2
      vertex 3.38891 58.1504 0
      vertex 3.63137 57.9514 0
    endloop
  endfacet
  facet normal 0.634428 -0.772982 0
    outer loop
      vertex 1.36863 57.9514 0
      vertex 1.61109 58.1504 2
      vertex 1.36863 57.9514 2
    endloop
  endfacet
  facet normal 0.634428 -0.772982 0
    outer loop
      vertex 1.61109 58.1504 2
      vertex 1.36863 57.9514 0
      vertex 1.61109 58.1504 0
    endloop
  endfacet
  facet normal 0.471257 -0.881996 0
    outer loop
      vertex 1.61109 58.1504 0
      vertex 1.88771 58.2982 2
      vertex 1.61109 58.1504 2
    endloop
  endfacet
  facet normal 0.471257 -0.881996 0
    outer loop
      vertex 1.88771 58.2982 2
      vertex 1.61109 58.1504 0
      vertex 1.88771 58.2982 0
    endloop
  endfacet
  facet normal -0.881902 -0.471432 0
    outer loop
      vertex 3.97821 57.4323 0
      vertex 3.83035 57.7089 2
      vertex 3.83035 57.7089 0
    endloop
  endfacet
  facet normal -0.881902 -0.471432 0
    outer loop
      vertex 3.83035 57.7089 2
      vertex 3.97821 57.4323 0
      vertex 3.97821 57.4323 2
    endloop
  endfacet
  facet normal -0.956953 -0.290242 0
    outer loop
      vertex 4.06926 57.1321 0
      vertex 3.97821 57.4323 2
      vertex 3.97821 57.4323 0
    endloop
  endfacet
  facet normal -0.956953 -0.290242 0
    outer loop
      vertex 3.97821 57.4323 2
      vertex 4.06926 57.1321 0
      vertex 4.06926 57.1321 2
    endloop
  endfacet
  facet normal -0.773065 -0.634327 0
    outer loop
      vertex 3.83035 57.7089 0
      vertex 3.63137 57.9514 2
      vertex 3.63137 57.9514 0
    endloop
  endfacet
  facet normal -0.773065 -0.634327 0
    outer loop
      vertex 3.63137 57.9514 2
      vertex 3.83035 57.7089 0
      vertex 3.83035 57.7089 2
    endloop
  endfacet
  facet normal -0.290432 -0.956896 0
    outer loop
      vertex 2.81214 58.3893 0
      vertex 3.11229 58.2982 2
      vertex 2.81214 58.3893 2
    endloop
  endfacet
  facet normal -0.290432 -0.956896 -0
    outer loop
      vertex 3.11229 58.2982 2
      vertex 2.81214 58.3893 0
      vertex 3.11229 58.2982 0
    endloop
  endfacet
  facet normal -0.097881 -0.995198 0
    outer loop
      vertex 2.5 58.42 0
      vertex 2.81214 58.3893 2
      vertex 2.5 58.42 2
    endloop
  endfacet
  facet normal -0.097881 -0.995198 -0
    outer loop
      vertex 2.81214 58.3893 2
      vertex 2.5 58.42 0
      vertex 2.81214 58.3893 0
    endloop
  endfacet
  facet normal -0.471257 -0.881996 0
    outer loop
      vertex 3.11229 58.2982 0
      vertex 3.38891 58.1504 2
      vertex 3.11229 58.2982 2
    endloop
  endfacet
  facet normal -0.471257 -0.881996 -0
    outer loop
      vertex 3.38891 58.1504 2
      vertex 3.11229 58.2982 0
      vertex 3.38891 58.1504 0
    endloop
  endfacet
  facet normal 0.881902 -0.471432 0
    outer loop
      vertex 1.02179 57.4323 2
      vertex 1.16965 57.7089 0
      vertex 1.16965 57.7089 2
    endloop
  endfacet
  facet normal 0.881902 -0.471432 0
    outer loop
      vertex 1.16965 57.7089 0
      vertex 1.02179 57.4323 2
      vertex 1.02179 57.4323 0
    endloop
  endfacet
  facet normal 0.773065 -0.634327 0
    outer loop
      vertex 1.16965 57.7089 2
      vertex 1.36863 57.9514 0
      vertex 1.36863 57.9514 2
    endloop
  endfacet
  facet normal 0.773065 -0.634327 0
    outer loop
      vertex 1.36863 57.9514 0
      vertex 1.16965 57.7089 2
      vertex 1.16965 57.7089 0
    endloop
  endfacet
  facet normal 0.956956 -0.290233 0
    outer loop
      vertex 0.930743 57.1321 2
      vertex 1.02179 57.4323 0
      vertex 1.02179 57.4323 2
    endloop
  endfacet
  facet normal 0.956956 -0.290233 0
    outer loop
      vertex 1.02179 57.4323 0
      vertex 0.930743 57.1321 2
      vertex 0.930743 57.1321 0
    endloop
  endfacet
  facet normal 0.290441 -0.956893 0
    outer loop
      vertex 1.88771 58.2982 0
      vertex 2.18785 58.3893 2
      vertex 1.88771 58.2982 2
    endloop
  endfacet
  facet normal 0.290441 -0.956893 0
    outer loop
      vertex 2.18785 58.3893 2
      vertex 1.88771 58.2982 0
      vertex 2.18785 58.3893 0
    endloop
  endfacet
  facet normal -0.995184 0.0980198 0
    outer loop
      vertex 4.06926 56.5079 0
      vertex 4.1 56.82 2
      vertex 4.1 56.82 0
    endloop
  endfacet
  facet normal -0.995184 0.0980198 0
    outer loop
      vertex 4.1 56.82 2
      vertex 4.06926 56.5079 0
      vertex 4.06926 56.5079 2
    endloop
  endfacet
  facet normal -0.097881 0.995198 0
    outer loop
      vertex 2.81214 55.2507 0
      vertex 2.5 55.22 2
      vertex 2.81214 55.2507 2
    endloop
  endfacet
  facet normal -0.097881 0.995198 0
    outer loop
      vertex 2.5 55.22 2
      vertex 2.81214 55.2507 0
      vertex 2.5 55.22 0
    endloop
  endfacet
  facet normal -0.471257 0.881996 0
    outer loop
      vertex 3.38891 55.4896 0
      vertex 3.11229 55.3418 2
      vertex 3.38891 55.4896 2
    endloop
  endfacet
  facet normal -0.471257 0.881996 0
    outer loop
      vertex 3.11229 55.3418 2
      vertex 3.38891 55.4896 0
      vertex 3.11229 55.3418 0
    endloop
  endfacet
  facet normal 0.634428 0.772982 -0
    outer loop
      vertex 1.61109 55.4896 0
      vertex 1.36863 55.6886 2
      vertex 1.61109 55.4896 2
    endloop
  endfacet
  facet normal 0.634428 0.772982 0
    outer loop
      vertex 1.36863 55.6886 2
      vertex 1.61109 55.4896 0
      vertex 1.36863 55.6886 0
    endloop
  endfacet
  facet normal 0.290441 0.956893 -0
    outer loop
      vertex 2.18785 55.2507 0
      vertex 1.88771 55.3418 2
      vertex 2.18785 55.2507 2
    endloop
  endfacet
  facet normal 0.290441 0.956893 0
    outer loop
      vertex 1.88771 55.3418 2
      vertex 2.18785 55.2507 0
      vertex 1.88771 55.3418 0
    endloop
  endfacet
  facet normal 0.881902 0.471432 0
    outer loop
      vertex 1.16965 55.9311 2
      vertex 1.02179 56.2077 0
      vertex 1.02179 56.2077 2
    endloop
  endfacet
  facet normal 0.881902 0.471432 0
    outer loop
      vertex 1.02179 56.2077 0
      vertex 1.16965 55.9311 2
      vertex 1.16965 55.9311 0
    endloop
  endfacet
  facet normal 0.995184 0.0980292 0
    outer loop
      vertex 0.930743 56.5079 2
      vertex 0.9 56.82 0
      vertex 0.9 56.82 2
    endloop
  endfacet
  facet normal 0.995184 0.0980292 0
    outer loop
      vertex 0.9 56.82 0
      vertex 0.930743 56.5079 2
      vertex 0.930743 56.5079 0
    endloop
  endfacet
  facet normal -0.290432 0.956896 0
    outer loop
      vertex 3.11229 55.3418 0
      vertex 2.81214 55.2507 2
      vertex 3.11229 55.3418 2
    endloop
  endfacet
  facet normal -0.290432 0.956896 0
    outer loop
      vertex 2.81214 55.2507 2
      vertex 3.11229 55.3418 0
      vertex 2.81214 55.2507 0
    endloop
  endfacet
  facet normal -0.634428 0.772982 0
    outer loop
      vertex 3.63137 55.6886 0
      vertex 3.38891 55.4896 2
      vertex 3.63137 55.6886 2
    endloop
  endfacet
  facet normal -0.634428 0.772982 0
    outer loop
      vertex 3.38891 55.4896 2
      vertex 3.63137 55.6886 0
      vertex 3.38891 55.4896 0
    endloop
  endfacet
  facet normal -0.956953 0.290242 0
    outer loop
      vertex 3.97821 56.2077 0
      vertex 4.06926 56.5079 2
      vertex 4.06926 56.5079 0
    endloop
  endfacet
  facet normal -0.956953 0.290242 0
    outer loop
      vertex 4.06926 56.5079 2
      vertex 3.97821 56.2077 0
      vertex 3.97821 56.2077 2
    endloop
  endfacet
  facet normal -0.773065 0.634327 0
    outer loop
      vertex 3.63137 55.6886 0
      vertex 3.83035 55.9311 2
      vertex 3.83035 55.9311 0
    endloop
  endfacet
  facet normal -0.773065 0.634327 0
    outer loop
      vertex 3.83035 55.9311 2
      vertex 3.63137 55.6886 0
      vertex 3.63137 55.6886 2
    endloop
  endfacet
  facet normal 0.471257 0.881996 -0
    outer loop
      vertex 1.88771 55.3418 0
      vertex 1.61109 55.4896 2
      vertex 1.88771 55.3418 2
    endloop
  endfacet
  facet normal 0.471257 0.881996 0
    outer loop
      vertex 1.61109 55.4896 2
      vertex 1.88771 55.3418 0
      vertex 1.61109 55.4896 0
    endloop
  endfacet
  facet normal 0.0978779 0.995198 -0
    outer loop
      vertex 2.5 55.22 0
      vertex 2.18785 55.2507 2
      vertex 2.5 55.22 2
    endloop
  endfacet
  facet normal 0.0978779 0.995198 0
    outer loop
      vertex 2.18785 55.2507 2
      vertex 2.5 55.22 0
      vertex 2.18785 55.2507 0
    endloop
  endfacet
  facet normal 0.773065 0.634327 0
    outer loop
      vertex 1.36863 55.6886 2
      vertex 1.16965 55.9311 0
      vertex 1.16965 55.9311 2
    endloop
  endfacet
  facet normal 0.773065 0.634327 0
    outer loop
      vertex 1.16965 55.9311 0
      vertex 1.36863 55.6886 2
      vertex 1.36863 55.6886 0
    endloop
  endfacet
  facet normal 0.956956 0.290233 0
    outer loop
      vertex 1.02179 56.2077 2
      vertex 0.930743 56.5079 0
      vertex 0.930743 56.5079 2
    endloop
  endfacet
  facet normal 0.956956 0.290233 0
    outer loop
      vertex 0.930743 56.5079 0
      vertex 1.02179 56.2077 2
      vertex 1.02179 56.2077 0
    endloop
  endfacet
  facet normal -0.881902 0.471432 0
    outer loop
      vertex 3.83035 55.9311 0
      vertex 3.97821 56.2077 2
      vertex 3.97821 56.2077 0
    endloop
  endfacet
  facet normal -0.881902 0.471432 0
    outer loop
      vertex 3.97821 56.2077 2
      vertex 3.83035 55.9311 0
      vertex 3.83035 55.9311 2
    endloop
  endfacet
  facet normal -1 0 0
    outer loop
      vertex 0 0 0
      vertex 0 59.32 2
      vertex 0 59.32 0
    endloop
  endfacet
  facet normal -1 -0 0
    outer loop
      vertex 0 59.32 2
      vertex 0 0 0
      vertex 0 0 2
    endloop
  endfacet
  facet normal 0 0 1
    outer loop
      vertex 45.34 46.79 2
      vertex 3.83035 55.9311 2
      vertex 19.29 23.45 2
    endloop
  endfacet
  facet normal 0 0 1
    outer loop
      vertex 10.29 23.45 2
      vertex 4.06926 2.81214 2
      vertex 4.1 2.5 2
    endloop
  endfacet
  facet normal -0 0 1
    outer loop
      vertex 3.63137 55.6886 2
      vertex 19.29 23.45 2
      vertex 3.83035 55.9311 2
    endloop
  endfacet
  facet normal 0 0 1
    outer loop
      vertex 10.29 23.45 2
      vertex 3.97821 3.11229 2
      vertex 4.06926 2.81214 2
    endloop
  endfacet
  facet normal -0 0 1
    outer loop
      vertex 3.38891 55.4896 2
      vertex 19.29 23.45 2
      vertex 3.63137 55.6886 2
    endloop
  endfacet
  facet normal 0 0 1
    outer loop
      vertex 10.29 23.45 2
      vertex 3.83035 3.38891 2
      vertex 3.97821 3.11229 2
    endloop
  endfacet
  facet normal 0 0 1
    outer loop
      vertex 19.29 23.45 2
      vertex 3.38891 55.4896 2
      vertex 10.29 23.45 2
    endloop
  endfacet
  facet normal 0 0 1
    outer loop
      vertex 10.29 23.45 2
      vertex 3.63137 3.63137 2
      vertex 3.83035 3.38891 2
    endloop
  endfacet
  facet normal -0 0 1
    outer loop
      vertex 3.11229 55.3418 2
      vertex 10.29 23.45 2
      vertex 3.38891 55.4896 2
    endloop
  endfacet
  facet normal 0 0 1
    outer loop
      vertex 10.29 23.45 2
      vertex 3.38891 3.83035 2
      vertex 3.63137 3.63137 2
    endloop
  endfacet
  facet normal -0 0 1
    outer loop
      vertex 2.81214 55.2507 2
      vertex 10.29 23.45 2
      vertex 3.11229 55.3418 2
    endloop
  endfacet
  facet normal 0 0 1
    outer loop
      vertex 10.29 23.45 2
      vertex 3.11229 3.97821 2
      vertex 3.38891 3.83035 2
    endloop
  endfacet
  facet normal -0 0 1
    outer loop
      vertex 2.5 55.22 2
      vertex 10.29 23.45 2
      vertex 2.81214 55.2507 2
    endloop
  endfacet
  facet normal 0 0 1
    outer loop
      vertex 10.29 23.45 2
      vertex 2.81214 4.06926 2
      vertex 3.11229 3.97821 2
    endloop
  endfacet
  facet normal 0 0 1
    outer loop
      vertex 2.18785 55.2507 2
      vertex 10.29 23.45 2
      vertex 2.5 55.22 2
    endloop
  endfacet
  facet normal 0 0 1
    outer loop
      vertex 10.29 23.45 2
      vertex 2.5 4.1 2
      vertex 2.81214 4.06926 2
    endloop
  endfacet
  facet normal 0 0 1
    outer loop
      vertex 1.88771 55.3418 2
      vertex 10.29 23.45 2
      vertex 2.18785 55.2507 2
    endloop
  endfacet
  facet normal 0 0 1
    outer loop
      vertex 10.29 23.45 2
      vertex 2.18785 4.06926 2
      vertex 2.5 4.1 2
    endloop
  endfacet
  facet normal 0 0 1
    outer loop
      vertex 1.61109 55.4896 2
      vertex 10.29 23.45 2
      vertex 1.88771 55.3418 2
    endloop
  endfacet
  facet normal 0 0 1
    outer loop
      vertex 10.29 23.45 2
      vertex 1.88771 3.97821 2
      vertex 2.18785 4.06926 2
    endloop
  endfacet
  facet normal 0 0 1
    outer loop
      vertex 1.36863 55.6886 2
      vertex 10.29 23.45 2
      vertex 1.61109 55.4896 2
    endloop
  endfacet
  facet normal 0 0 1
    outer loop
      vertex 10.29 23.45 2
      vertex 1.61109 3.83035 2
      vertex 1.88771 3.97821 2
    endloop
  endfacet
  facet normal 0 0 1
    outer loop
      vertex 1.36863 3.63137 2
      vertex 10.29 23.45 2
      vertex 1.36863 55.6886 2
    endloop
  endfacet
  facet normal 0 0 1
    outer loop
      vertex 10.29 23.45 2
      vertex 1.36863 3.63137 2
      vertex 1.61109 3.83035 2
    endloop
  endfacet
  facet normal 0 0 1
    outer loop
      vertex 1.16965 55.9311 2
      vertex 1.36863 3.63137 2
      vertex 1.36863 55.6886 2
    endloop
  endfacet
  facet normal 0 0 1
    outer loop
      vertex 1.16965 55.9311 2
      vertex 1.16965 3.38891 2
      vertex 1.36863 3.63137 2
    endloop
  endfacet
  facet normal 0 0 1
    outer loop
      vertex 1.02179 56.2077 2
      vertex 1.16965 3.38891 2
      vertex 1.16965 55.9311 2
    endloop
  endfacet
  facet normal 0 0 1
    outer loop
      vertex 1.02179 56.2077 2
      vertex 1.02179 3.11229 2
      vertex 1.16965 3.38891 2
    endloop
  endfacet
  facet normal 0 0 1
    outer loop
      vertex 0.930743 56.5079 2
      vertex 1.02179 3.11229 2
      vertex 1.02179 56.2077 2
    endloop
  endfacet
  facet normal 0 0 1
    outer loop
      vertex 0.930743 56.5079 2
      vertex 0.930743 2.81214 2
      vertex 1.02179 3.11229 2
    endloop
  endfacet
  facet normal 0 0 1
    outer loop
      vertex 0 59.32 2
      vertex 0.930743 56.5079 2
      vertex 0.9 56.82 2
    endloop
  endfacet
  facet normal 0 0 1
    outer loop
      vertex 0.930743 56.5079 2
      vertex 0 59.32 2
      vertex 0.930743 2.81214 2
    endloop
  endfacet
  facet normal 0 0 1
    outer loop
      vertex 4.06926 56.5079 2
      vertex 45.34 59.32 2
      vertex 4.1 56.82 2
    endloop
  endfacet
  facet normal 0 0 1
    outer loop
      vertex 45.34 46.79 2
      vertex 44.6193 31.6521 2
      vertex 44.65 31.34 2
    endloop
  endfacet
  facet normal 0 0 1
    outer loop
      vertex 45.34 46.79 2
      vertex 44.5282 31.9523 2
      vertex 44.6193 31.6521 2
    endloop
  endfacet
  facet normal 0 0 1
    outer loop
      vertex 45.34 46.79 2
      vertex 44.3804 32.2289 2
      vertex 44.5282 31.9523 2
    endloop
  endfacet
  facet normal 0 0 1
    outer loop
      vertex 45.34 46.79 2
      vertex 44.1814 32.4714 2
      vertex 44.3804 32.2289 2
    endloop
  endfacet
  facet normal 0 0 1
    outer loop
      vertex 45.34 46.79 2
      vertex 43.9389 32.6703 2
      vertex 44.1814 32.4714 2
    endloop
  endfacet
  facet normal 0 0 1
    outer loop
      vertex 45.34 46.79 2
      vertex 43.6623 32.8182 2
      vertex 43.9389 32.6703 2
    endloop
  endfacet
  facet normal 0 0 1
    outer loop
      vertex 45.34 46.79 2
      vertex 43.3621 32.9093 2
      vertex 43.6623 32.8182 2
    endloop
  endfacet
  facet normal 0 0 1
    outer loop
      vertex 45.34 46.79 2
      vertex 43.05 32.94 2
      vertex 43.3621 32.9093 2
    endloop
  endfacet
  facet normal 0 0 1
    outer loop
      vertex 45.34 46.79 2
      vertex 42.7379 32.9093 2
      vertex 43.05 32.94 2
    endloop
  endfacet
  facet normal 0 0 1
    outer loop
      vertex 45.34 46.79 2
      vertex 42.4377 32.8182 2
      vertex 42.7379 32.9093 2
    endloop
  endfacet
  facet normal 0 0 1
    outer loop
      vertex 45.34 46.79 2
      vertex 42.1611 32.6703 2
      vertex 42.4377 32.8182 2
    endloop
  endfacet
  facet normal 0 0 1
    outer loop
      vertex 45.34 46.79 2
      vertex 41.9186 32.4714 2
      vertex 42.1611 32.6703 2
    endloop
  endfacet
  facet normal 0 0 1
    outer loop
      vertex 45.34 59.32 2
      vertex 4.06926 56.5079 2
      vertex 45.34 46.79 2
    endloop
  endfacet
  facet normal 0 0 1
    outer loop
      vertex 45.34 46.79 2
      vertex 41.7197 32.2289 2
      vertex 41.9186 32.4714 2
    endloop
  endfacet
  facet normal 0 0 1
    outer loop
      vertex 45.34 46.79 2
      vertex 19.29 23.45 2
      vertex 41.7197 32.2289 2
    endloop
  endfacet
  facet normal -0 0 1
    outer loop
      vertex 19.29 18.45 2
      vertex 40.26 14.8 2
      vertex 19.29 23.45 2
    endloop
  endfacet
  facet normal 0 0 1
    outer loop
      vertex 41.7197 30.4511 2
      vertex 19.29 23.45 2
      vertex 40.26 14.8 2
    endloop
  endfacet
  facet normal 0 0 1
    outer loop
      vertex 41.4807 31.6521 2
      vertex 19.29 23.45 2
      vertex 41.45 31.34 2
    endloop
  endfacet
  facet normal 0 0 1
    outer loop
      vertex 41.7197 32.2289 2
      vertex 19.29 23.45 2
      vertex 41.5718 31.9523 2
    endloop
  endfacet
  facet normal 0 0 1
    outer loop
      vertex 41.5718 31.9523 2
      vertex 19.29 23.45 2
      vertex 41.4807 31.6521 2
    endloop
  endfacet
  facet normal -0 0 1
    outer loop
      vertex 3.83035 55.9311 2
      vertex 45.34 46.79 2
      vertex 3.97821 56.2077 2
    endloop
  endfacet
  facet normal -0 0 1
    outer loop
      vertex 3.97821 56.2077 2
      vertex 45.34 46.79 2
      vertex 4.06926 56.5079 2
    endloop
  endfacet
  facet normal 0 0 1
    outer loop
      vertex 45.34 59.32 2
      vertex 4.06926 57.1321 2
      vertex 4.1 56.82 2
    endloop
  endfacet
  facet normal 0 0 1
    outer loop
      vertex 45.34 59.32 2
      vertex 3.97821 57.4323 2
      vertex 4.06926 57.1321 2
    endloop
  endfacet
  facet normal 0 0 1
    outer loop
      vertex 45.34 59.32 2
      vertex 3.83035 57.7089 2
      vertex 3.97821 57.4323 2
    endloop
  endfacet
  facet normal 0 0 1
    outer loop
      vertex 45.34 59.32 2
      vertex 3.63137 57.9514 2
      vertex 3.83035 57.7089 2
    endloop
  endfacet
  facet normal 0 0 1
    outer loop
      vertex 45.34 59.32 2
      vertex 3.38891 58.1504 2
      vertex 3.63137 57.9514 2
    endloop
  endfacet
  facet normal 0 0 1
    outer loop
      vertex 45.34 59.32 2
      vertex 3.11229 58.2982 2
      vertex 3.38891 58.1504 2
    endloop
  endfacet
  facet normal 0 0 1
    outer loop
      vertex 45.34 59.32 2
      vertex 2.81214 58.3893 2
      vertex 3.11229 58.2982 2
    endloop
  endfacet
  facet normal -0 0 1
    outer loop
      vertex 0 59.32 2
      vertex 2.81214 58.3893 2
      vertex 45.34 59.32 2
    endloop
  endfacet
  facet normal 0 0 1
    outer loop
      vertex 0 0 2
      vertex 0.930743 2.81214 2
      vertex 0 59.32 2
    endloop
  endfacet
  facet normal 0 0 1
    outer loop
      vertex 0.930743 57.1321 2
      vertex 0 59.32 2
      vertex 0.9 56.82 2
    endloop
  endfacet
  facet normal 0 0 1
    outer loop
      vertex 1.02179 57.4323 2
      vertex 0 59.32 2
      vertex 0.930743 57.1321 2
    endloop
  endfacet
  facet normal 0 0 1
    outer loop
      vertex 1.16965 57.7089 2
      vertex 0 59.32 2
      vertex 1.02179 57.4323 2
    endloop
  endfacet
  facet normal 0 0 1
    outer loop
      vertex 1.36863 57.9514 2
      vertex 0 59.32 2
      vertex 1.16965 57.7089 2
    endloop
  endfacet
  facet normal 0 0 1
    outer loop
      vertex 1.61109 58.1504 2
      vertex 0 59.32 2
      vertex 1.36863 57.9514 2
    endloop
  endfacet
  facet normal 0 0 1
    outer loop
      vertex 1.88771 58.2982 2
      vertex 0 59.32 2
      vertex 1.61109 58.1504 2
    endloop
  endfacet
  facet normal 0 0 1
    outer loop
      vertex 2.18785 58.3893 2
      vertex 0 59.32 2
      vertex 1.88771 58.2982 2
    endloop
  endfacet
  facet normal 0 0 1
    outer loop
      vertex 2.5 58.42 2
      vertex 0 59.32 2
      vertex 2.18785 58.3893 2
    endloop
  endfacet
  facet normal 0 0 1
    outer loop
      vertex 2.81214 58.3893 2
      vertex 0 59.32 2
      vertex 2.5 58.42 2
    endloop
  endfacet
  facet normal 0 0 1
    outer loop
      vertex 64.39 59.32 2
      vertex 59.49 59.32 2
      vertex 64.39 46.75 2
    endloop
  endfacet
  facet normal 0 0 1
    outer loop
      vertex 40.26 14.8 2
      vertex 19.29 18.45 2
      vertex 40.26 0 2
    endloop
  endfacet
  facet normal 0 0 1
    outer loop
      vertex 4.1 2.5 2
      vertex 19.29 18.45 2
      vertex 10.29 18.45 2
    endloop
  endfacet
  facet normal 0 0 1
    outer loop
      vertex 10.29 23.45 2
      vertex 4.1 2.5 2
      vertex 10.29 18.45 2
    endloop
  endfacet
  facet normal 0 0 1
    outer loop
      vertex 19.29 18.45 2
      vertex 4.1 2.5 2
      vertex 40.26 0 2
    endloop
  endfacet
  facet normal -0 0 1
    outer loop
      vertex 4.06926 2.18785 2
      vertex 40.26 0 2
      vertex 4.1 2.5 2
    endloop
  endfacet
  facet normal -0 0 1
    outer loop
      vertex 3.97821 1.88771 2
      vertex 40.26 0 2
      vertex 4.06926 2.18785 2
    endloop
  endfacet
  facet normal -0 0 1
    outer loop
      vertex 3.83035 1.61109 2
      vertex 40.26 0 2
      vertex 3.97821 1.88771 2
    endloop
  endfacet
  facet normal -0 0 1
    outer loop
      vertex 3.63137 1.36863 2
      vertex 40.26 0 2
      vertex 3.83035 1.61109 2
    endloop
  endfacet
  facet normal -0 0 1
    outer loop
      vertex 3.38891 1.16965 2
      vertex 40.26 0 2
      vertex 3.63137 1.36863 2
    endloop
  endfacet
  facet normal -0 0 1
    outer loop
      vertex 3.11229 1.02179 2
      vertex 40.26 0 2
      vertex 3.38891 1.16965 2
    endloop
  endfacet
  facet normal -0 0 1
    outer loop
      vertex 2.81214 0.930743 2
      vertex 40.26 0 2
      vertex 3.11229 1.02179 2
    endloop
  endfacet
  facet normal 0 0 1
    outer loop
      vertex 0 0 2
      vertex 2.81214 0.930743 2
      vertex 2.5 0.9 2
    endloop
  endfacet
  facet normal 0 0 1
    outer loop
      vertex 2.81214 0.930743 2
      vertex 0 0 2
      vertex 40.26 0 2
    endloop
  endfacet
  facet normal 0 0 1
    outer loop
      vertex 2.18785 0.930743 2
      vertex 0 0 2
      vertex 2.5 0.9 2
    endloop
  endfacet
  facet normal 0 0 1
    outer loop
      vertex 1.88771 1.02179 2
      vertex 0 0 2
      vertex 2.18785 0.930743 2
    endloop
  endfacet
  facet normal 0 0 1
    outer loop
      vertex 1.61109 1.16965 2
      vertex 0 0 2
      vertex 1.88771 1.02179 2
    endloop
  endfacet
  facet normal 0 0 1
    outer loop
      vertex 1.36863 1.36863 2
      vertex 0 0 2
      vertex 1.61109 1.16965 2
    endloop
  endfacet
  facet normal 0 0 1
    outer loop
      vertex 1.16965 1.61109 2
      vertex 0 0 2
      vertex 1.36863 1.36863 2
    endloop
  endfacet
  facet normal 0 0 1
    outer loop
      vertex 1.02179 1.88771 2
      vertex 0 0 2
      vertex 1.16965 1.61109 2
    endloop
  endfacet
  facet normal 0 0 1
    outer loop
      vertex 0.930743 2.18785 2
      vertex 0 0 2
      vertex 1.02179 1.88771 2
    endloop
  endfacet
  facet normal 0 0 1
    outer loop
      vertex 0.9 2.5 2
      vertex 0 0 2
      vertex 0.930743 2.18785 2
    endloop
  endfacet
  facet normal 0 0 1
    outer loop
      vertex 0.930743 2.81214 2
      vertex 0 0 2
      vertex 0.9 2.5 2
    endloop
  endfacet
  facet normal 0 0 1
    outer loop
      vertex 78.54 46.75 2
      vertex 83.57 46.75 2
      vertex 83.57 59.32 2
    endloop
  endfacet
  facet normal 0 0 1
    outer loop
      vertex 83.57 46.75 2
      vertex 79.8892 25.1099 2
      vertex 79.92 24.64 2
    endloop
  endfacet
  facet normal 0 0 1
    outer loop
      vertex 83.57 46.75 2
      vertex 79.7973 25.5717 2
      vertex 79.8892 25.1099 2
    endloop
  endfacet
  facet normal 0 -0 1
    outer loop
      vertex 79.1761 26.8315 2
      vertex 83.57 46.75 2
      vertex 78.6 41.75 2
    endloop
  endfacet
  facet normal 0 0 1
    outer loop
      vertex 83.57 46.75 2
      vertex 79.646 26.0177 2
      vertex 79.7973 25.5717 2
    endloop
  endfacet
  facet normal 0 0 1
    outer loop
      vertex 83.57 46.75 2
      vertex 79.4377 26.44 2
      vertex 79.646 26.0177 2
    endloop
  endfacet
  facet normal 0 0 1
    outer loop
      vertex 83.57 46.75 2
      vertex 79.1761 26.8315 2
      vertex 79.4377 26.44 2
    endloop
  endfacet
  facet normal -0 0 1
    outer loop
      vertex 78.6 27.6 2
      vertex 79.1761 26.8315 2
      vertex 78.6 41.75 2
    endloop
  endfacet
  facet normal 0 0 1
    outer loop
      vertex 78.54 46.75 2
      vertex 83.57 59.32 2
      vertex 78.54 59.32 2
    endloop
  endfacet
  facet normal 0 0 1
    outer loop
      vertex 83.57 46.75 2
      vertex 78.54 46.75 2
      vertex 78.6 41.75 2
    endloop
  endfacet
  facet normal 0 0 1
    outer loop
      vertex 78.54 46.75 2
      vertex 64.45 41.75 2
      vertex 78.6 41.75 2
    endloop
  endfacet
  facet normal 0 0 1
    outer loop
      vertex 59.49 46.79 2
      vertex 64.45 41.75 2
      vertex 64.39 46.75 2
    endloop
  endfacet
  facet normal -0 0 1
    outer loop
      vertex 64.39 46.75 2
      vertex 64.45 41.75 2
      vertex 78.54 46.75 2
    endloop
  endfacet
  facet normal 0 0 1
    outer loop
      vertex 79.1761 26.8315 2
      vertex 78.6 27.6 2
      vertex 78.8656 27.1856 2
    endloop
  endfacet
  facet normal 0 0 1
    outer loop
      vertex 78.6 27.6 2
      vertex 78.5115 27.4961 2
      vertex 78.8656 27.1856 2
    endloop
  endfacet
  facet normal 0 -0 1
    outer loop
      vertex 78.5115 27.4961 2
      vertex 78.6 27.6 2
      vertex 78.356 27.6 2
    endloop
  endfacet
  facet normal 0 0 1
    outer loop
      vertex 64.45 27.6 2
      vertex 72.72 24.64 2
      vertex 72.7508 25.1099 2
    endloop
  endfacet
  facet normal 0 0 1
    outer loop
      vertex 64.45 27.6 2
      vertex 72.7508 25.1099 2
      vertex 72.8427 25.5717 2
    endloop
  endfacet
  facet normal 0 0 1
    outer loop
      vertex 64.45 27.6 2
      vertex 72.8427 25.5717 2
      vertex 72.994 26.0177 2
    endloop
  endfacet
  facet normal -0 0 1
    outer loop
      vertex 64.45 27.6 2
      vertex 74.1285 27.4961 2
      vertex 74.284 27.6 2
    endloop
  endfacet
  facet normal 0 0 1
    outer loop
      vertex 64.45 27.6 2
      vertex 73.7744 27.1856 2
      vertex 74.1285 27.4961 2
    endloop
  endfacet
  facet normal 0 0 1
    outer loop
      vertex 64.45 27.6 2
      vertex 73.4639 26.8315 2
      vertex 73.7744 27.1856 2
    endloop
  endfacet
  facet normal 0 0 1
    outer loop
      vertex 64.45 27.6 2
      vertex 73.2023 26.44 2
      vertex 73.4639 26.8315 2
    endloop
  endfacet
  facet normal 0 0 1
    outer loop
      vertex 64.45 27.6 2
      vertex 72.994 26.0177 2
      vertex 73.2023 26.44 2
    endloop
  endfacet
  facet normal 0 0 1
    outer loop
      vertex 72.72 24.64 2
      vertex 64.45 27.6 2
      vertex 68.06 14.8 2
    endloop
  endfacet
  facet normal -0 0 1
    outer loop
      vertex 59.49 46.79 2
      vertex 64.39 46.75 2
      vertex 59.49 59.32 2
    endloop
  endfacet
  facet normal 0 0 1
    outer loop
      vertex 44.65 31.34 2
      vertex 64.45 41.75 2
      vertex 59.49 46.79 2
    endloop
  endfacet
  facet normal 0 0 1
    outer loop
      vertex 44.65 31.34 2
      vertex 59.49 46.79 2
      vertex 45.34 46.79 2
    endloop
  endfacet
  facet normal 0 0 1
    outer loop
      vertex 64.45 41.75 2
      vertex 44.65 31.34 2
      vertex 64.45 27.6 2
    endloop
  endfacet
  facet normal -0 0 1
    outer loop
      vertex 44.6193 31.0279 2
      vertex 64.45 27.6 2
      vertex 44.65 31.34 2
    endloop
  endfacet
  facet normal -0 0 1
    outer loop
      vertex 44.5282 30.7277 2
      vertex 64.45 27.6 2
      vertex 44.6193 31.0279 2
    endloop
  endfacet
  facet normal -0 0 1
    outer loop
      vertex 44.3804 30.4511 2
      vertex 64.45 27.6 2
      vertex 44.5282 30.7277 2
    endloop
  endfacet
  facet normal -0 0 1
    outer loop
      vertex 44.1814 30.2086 2
      vertex 64.45 27.6 2
      vertex 44.3804 30.4511 2
    endloop
  endfacet
  facet normal 0 0 1
    outer loop
      vertex 40.26 14.8 2
      vertex 64.45 27.6 2
      vertex 44.1814 30.2086 2
    endloop
  endfacet
  facet normal 0 0 1
    outer loop
      vertex 40.26 14.8 2
      vertex 44.1814 30.2086 2
      vertex 43.9389 30.0096 2
    endloop
  endfacet
  facet normal 0 0 1
    outer loop
      vertex 40.26 14.8 2
      vertex 43.9389 30.0096 2
      vertex 43.6623 29.8618 2
    endloop
  endfacet
  facet normal 0 0 1
    outer loop
      vertex 40.26 14.8 2
      vertex 43.6623 29.8618 2
      vertex 43.3621 29.7707 2
    endloop
  endfacet
  facet normal 0 0 1
    outer loop
      vertex 40.26 14.8 2
      vertex 43.3621 29.7707 2
      vertex 43.05 29.74 2
    endloop
  endfacet
  facet normal 0 0 1
    outer loop
      vertex 40.26 14.8 2
      vertex 43.05 29.74 2
      vertex 42.7379 29.7707 2
    endloop
  endfacet
  facet normal 0 0 1
    outer loop
      vertex 40.26 14.8 2
      vertex 42.7379 29.7707 2
      vertex 42.4377 29.8618 2
    endloop
  endfacet
  facet normal 0 0 1
    outer loop
      vertex 40.26 14.8 2
      vertex 42.4377 29.8618 2
      vertex 42.1611 30.0096 2
    endloop
  endfacet
  facet normal 0 0 1
    outer loop
      vertex 64.45 27.6 2
      vertex 40.26 14.8 2
      vertex 68.06 14.8 2
    endloop
  endfacet
  facet normal 0 0 1
    outer loop
      vertex 41.9186 30.2086 2
      vertex 40.26 14.8 2
      vertex 42.1611 30.0096 2
    endloop
  endfacet
  facet normal 0 0 1
    outer loop
      vertex 41.7197 30.4511 2
      vertex 40.26 14.8 2
      vertex 41.9186 30.2086 2
    endloop
  endfacet
  facet normal 0 0 1
    outer loop
      vertex 19.29 23.45 2
      vertex 41.7197 30.4511 2
      vertex 41.5718 30.7277 2
    endloop
  endfacet
  facet normal 0 0 1
    outer loop
      vertex 19.29 23.45 2
      vertex 41.5718 30.7277 2
      vertex 41.4807 31.0279 2
    endloop
  endfacet
  facet normal 0 0 1
    outer loop
      vertex 19.29 23.45 2
      vertex 41.4807 31.0279 2
      vertex 41.45 31.34 2
    endloop
  endfacet
  facet normal -0 0 1
    outer loop
      vertex 95.2293 2.81214 2
      vertex 96.16 0 2
      vertex 96.16 46.75 2
    endloop
  endfacet
  facet normal 0 0 1
    outer loop
      vertex 96.16 0 2
      vertex 95.2293 2.81214 2
      vertex 95.26 2.5 2
    endloop
  endfacet
  facet normal 0 0 1
    outer loop
      vertex 96.16 46.75 2
      vertex 95.1382 3.11229 2
      vertex 95.2293 2.81214 2
    endloop
  endfacet
  facet normal 0 0 1
    outer loop
      vertex 96.16 46.75 2
      vertex 94.9903 3.38891 2
      vertex 95.1382 3.11229 2
    endloop
  endfacet
  facet normal 0 0 1
    outer loop
      vertex 96.16 46.75 2
      vertex 94.7914 3.63137 2
      vertex 94.9903 3.38891 2
    endloop
  endfacet
  facet normal 0 0 1
    outer loop
      vertex 96.16 46.75 2
      vertex 94.5489 3.83035 2
      vertex 94.7914 3.63137 2
    endloop
  endfacet
  facet normal 0 0 1
    outer loop
      vertex 96.16 46.75 2
      vertex 94.2723 3.97821 2
      vertex 94.5489 3.83035 2
    endloop
  endfacet
  facet normal -0 0 1
    outer loop
      vertex 79.92 24.64 2
      vertex 94.2723 3.97821 2
      vertex 96.16 46.75 2
    endloop
  endfacet
  facet normal 0 0 1
    outer loop
      vertex 94.2723 3.97821 2
      vertex 79.92 24.64 2
      vertex 93.9721 4.06926 2
    endloop
  endfacet
  facet normal -0 0 1
    outer loop
      vertex 79.8892 24.1701 2
      vertex 93.9721 4.06926 2
      vertex 79.92 24.64 2
    endloop
  endfacet
  facet normal -0 0 1
    outer loop
      vertex 79.7973 23.7083 2
      vertex 93.9721 4.06926 2
      vertex 79.8892 24.1701 2
    endloop
  endfacet
  facet normal 0 0 1
    outer loop
      vertex 93.9721 4.06926 2
      vertex 79.7973 23.7083 2
      vertex 93.66 4.1 2
    endloop
  endfacet
  facet normal -0 0 1
    outer loop
      vertex 79.646 23.2623 2
      vertex 93.66 4.1 2
      vertex 79.7973 23.7083 2
    endloop
  endfacet
  facet normal 0 0 1
    outer loop
      vertex 93.66 4.1 2
      vertex 79.646 23.2623 2
      vertex 93.3479 4.06926 2
    endloop
  endfacet
  facet normal -0 0 1
    outer loop
      vertex 79.4377 22.84 2
      vertex 93.3479 4.06926 2
      vertex 79.646 23.2623 2
    endloop
  endfacet
  facet normal 0 0 1
    outer loop
      vertex 93.3479 4.06926 2
      vertex 79.4377 22.84 2
      vertex 93.0477 3.97821 2
    endloop
  endfacet
  facet normal -0 0 1
    outer loop
      vertex 79.1761 22.4485 2
      vertex 93.0477 3.97821 2
      vertex 79.4377 22.84 2
    endloop
  endfacet
  facet normal 0 0 1
    outer loop
      vertex 79.92 24.64 2
      vertex 96.16 46.75 2
      vertex 83.57 46.75 2
    endloop
  endfacet
  facet normal -0 0 1
    outer loop
      vertex 95.2293 2.18785 2
      vertex 96.16 0 2
      vertex 95.26 2.5 2
    endloop
  endfacet
  facet normal -0 0 1
    outer loop
      vertex 95.1382 1.88771 2
      vertex 96.16 0 2
      vertex 95.2293 2.18785 2
    endloop
  endfacet
  facet normal -0 0 1
    outer loop
      vertex 94.9903 1.61109 2
      vertex 96.16 0 2
      vertex 95.1382 1.88771 2
    endloop
  endfacet
  facet normal -0 0 1
    outer loop
      vertex 94.7914 1.36863 2
      vertex 96.16 0 2
      vertex 94.9903 1.61109 2
    endloop
  endfacet
  facet normal -0 0 1
    outer loop
      vertex 94.5489 1.16965 2
      vertex 96.16 0 2
      vertex 94.7914 1.36863 2
    endloop
  endfacet
  facet normal -0 0 1
    outer loop
      vertex 94.2723 1.02179 2
      vertex 96.16 0 2
      vertex 94.5489 1.16965 2
    endloop
  endfacet
  facet normal -0 0 1
    outer loop
      vertex 93.9721 0.930743 2
      vertex 96.16 0 2
      vertex 94.2723 1.02179 2
    endloop
  endfacet
  facet normal -0 0 1
    outer loop
      vertex 93.66 0.9 2
      vertex 96.16 0 2
      vertex 93.9721 0.930743 2
    endloop
  endfacet
  facet normal 0 0 1
    outer loop
      vertex 93.3479 0.930743 2
      vertex 96.16 0 2
      vertex 93.66 0.9 2
    endloop
  endfacet
  facet normal 0 0 1
    outer loop
      vertex 68.06 0 2
      vertex 93.3479 0.930743 2
      vertex 93.0477 1.02179 2
    endloop
  endfacet
  facet normal -0 0 1
    outer loop
      vertex 78.8656 22.0944 2
      vertex 93.0477 3.97821 2
      vertex 79.1761 22.4485 2
    endloop
  endfacet
  facet normal 0 0 1
    outer loop
      vertex 93.0477 3.97821 2
      vertex 78.8656 22.0944 2
      vertex 92.7711 3.83035 2
    endloop
  endfacet
  facet normal -0 0 1
    outer loop
      vertex 78.5115 21.7839 2
      vertex 92.7711 3.83035 2
      vertex 78.8656 22.0944 2
    endloop
  endfacet
  facet normal 0 0 1
    outer loop
      vertex 92.7711 3.83035 2
      vertex 78.5115 21.7839 2
      vertex 92.5286 3.63137 2
    endloop
  endfacet
  facet normal -0 0 1
    outer loop
      vertex 78.12 21.5223 2
      vertex 92.5286 3.63137 2
      vertex 78.5115 21.7839 2
    endloop
  endfacet
  facet normal 0 0 1
    outer loop
      vertex 92.5286 3.63137 2
      vertex 78.12 21.5223 2
      vertex 92.3297 3.38891 2
    endloop
  endfacet
  facet normal -0 0 1
    outer loop
      vertex 77.6977 21.314 2
      vertex 92.3297 3.38891 2
      vertex 78.12 21.5223 2
    endloop
  endfacet
  facet normal -0 0 1
    outer loop
      vertex 77.2517 21.1627 2
      vertex 92.3297 3.38891 2
      vertex 77.6977 21.314 2
    endloop
  endfacet
  facet normal 0 0 1
    outer loop
      vertex 92.3297 3.38891 2
      vertex 77.2517 21.1627 2
      vertex 92.1818 3.11229 2
    endloop
  endfacet
  facet normal -0 0 1
    outer loop
      vertex 68.06 14.8 2
      vertex 92.1818 3.11229 2
      vertex 77.2517 21.1627 2
    endloop
  endfacet
  facet normal 0 0 1
    outer loop
      vertex 68.06 0 2
      vertex 92.1818 3.11229 2
      vertex 68.06 14.8 2
    endloop
  endfacet
  facet normal 0 0 1
    outer loop
      vertex 92.1818 3.11229 2
      vertex 68.06 0 2
      vertex 92.0907 2.81214 2
    endloop
  endfacet
  facet normal 0 0 1
    outer loop
      vertex 92.0907 2.81214 2
      vertex 68.06 0 2
      vertex 92.06 2.5 2
    endloop
  endfacet
  facet normal 0 0 1
    outer loop
      vertex 92.06 2.5 2
      vertex 68.06 0 2
      vertex 92.0907 2.18785 2
    endloop
  endfacet
  facet normal 0 0 1
    outer loop
      vertex 68.06 14.8 2
      vertex 77.2517 21.1627 2
      vertex 76.7899 21.0708 2
    endloop
  endfacet
  facet normal 0 0 1
    outer loop
      vertex 68.06 14.8 2
      vertex 76.7899 21.0708 2
      vertex 76.32 21.04 2
    endloop
  endfacet
  facet normal 0 0 1
    outer loop
      vertex 92.0907 2.18785 2
      vertex 68.06 0 2
      vertex 92.1818 1.88771 2
    endloop
  endfacet
  facet normal 0 0 1
    outer loop
      vertex 68.06 14.8 2
      vertex 76.32 21.04 2
      vertex 75.8501 21.0708 2
    endloop
  endfacet
  facet normal 0 0 1
    outer loop
      vertex 68.06 14.8 2
      vertex 75.8501 21.0708 2
      vertex 75.3883 21.1627 2
    endloop
  endfacet
  facet normal 0 0 1
    outer loop
      vertex 68.06 14.8 2
      vertex 75.3883 21.1627 2
      vertex 74.9423 21.314 2
    endloop
  endfacet
  facet normal 0 0 1
    outer loop
      vertex 68.06 14.8 2
      vertex 74.9423 21.314 2
      vertex 74.52 21.5223 2
    endloop
  endfacet
  facet normal 0 0 1
    outer loop
      vertex 68.06 14.8 2
      vertex 74.52 21.5223 2
      vertex 74.1285 21.7839 2
    endloop
  endfacet
  facet normal 0 0 1
    outer loop
      vertex 68.06 14.8 2
      vertex 74.1285 21.7839 2
      vertex 73.7744 22.0944 2
    endloop
  endfacet
  facet normal 0 0 1
    outer loop
      vertex 68.06 14.8 2
      vertex 72.7508 24.1701 2
      vertex 72.72 24.64 2
    endloop
  endfacet
  facet normal 0 0 1
    outer loop
      vertex 68.06 14.8 2
      vertex 72.8427 23.7083 2
      vertex 72.7508 24.1701 2
    endloop
  endfacet
  facet normal 0 0 1
    outer loop
      vertex 68.06 14.8 2
      vertex 72.994 23.2623 2
      vertex 72.8427 23.7083 2
    endloop
  endfacet
  facet normal 0 0 1
    outer loop
      vertex 68.06 14.8 2
      vertex 73.2023 22.84 2
      vertex 72.994 23.2623 2
    endloop
  endfacet
  facet normal 0 0 1
    outer loop
      vertex 68.06 14.8 2
      vertex 73.4639 22.4485 2
      vertex 73.2023 22.84 2
    endloop
  endfacet
  facet normal 0 0 1
    outer loop
      vertex 68.06 14.8 2
      vertex 73.7744 22.0944 2
      vertex 73.4639 22.4485 2
    endloop
  endfacet
  facet normal 0 0 1
    outer loop
      vertex 92.1818 1.88771 2
      vertex 68.06 0 2
      vertex 92.3297 1.61109 2
    endloop
  endfacet
  facet normal 0 0 1
    outer loop
      vertex 92.3297 1.61109 2
      vertex 68.06 0 2
      vertex 92.5286 1.36863 2
    endloop
  endfacet
  facet normal 0 0 1
    outer loop
      vertex 93.3479 0.930743 2
      vertex 68.06 0 2
      vertex 96.16 0 2
    endloop
  endfacet
  facet normal 0 0 1
    outer loop
      vertex 92.7711 1.16965 2
      vertex 68.06 0 2
      vertex 93.0477 1.02179 2
    endloop
  endfacet
  facet normal 0 0 1
    outer loop
      vertex 92.5286 1.36863 2
      vertex 68.06 0 2
      vertex 92.7711 1.16965 2
    endloop
  endfacet
  facet normal 1 -0 0
    outer loop
      vertex 96.16 0 2
      vertex 96.16 46.75 0
      vertex 96.16 46.75 2
    endloop
  endfacet
  facet normal 1 0 0
    outer loop
      vertex 96.16 46.75 0
      vertex 96.16 0 2
      vertex 96.16 0 0
    endloop
  endfacet
  facet normal 0 0 -1
    outer loop
      vertex 3.83035 3.38891 0
      vertex 10.29 18.45 0
      vertex 3.97821 3.11229 0
    endloop
  endfacet
  facet normal 0 0 -1
    outer loop
      vertex 10.29 23.45 0
      vertex 4.06926 56.5079 0
      vertex 4.1 56.82 0
    endloop
  endfacet
  facet normal 0 0 -1
    outer loop
      vertex 3.63137 3.63137 0
      vertex 10.29 18.45 0
      vertex 3.83035 3.38891 0
    endloop
  endfacet
  facet normal 0 0 -1
    outer loop
      vertex 10.29 23.45 0
      vertex 3.97821 56.2077 0
      vertex 4.06926 56.5079 0
    endloop
  endfacet
  facet normal 0 0 -1
    outer loop
      vertex 3.38891 3.83035 0
      vertex 10.29 18.45 0
      vertex 3.63137 3.63137 0
    endloop
  endfacet
  facet normal 0 0 -1
    outer loop
      vertex 10.29 23.45 0
      vertex 3.83035 55.9311 0
      vertex 3.97821 56.2077 0
    endloop
  endfacet
  facet normal 0 0 -1
    outer loop
      vertex 3.11229 3.97821 0
      vertex 10.29 18.45 0
      vertex 3.38891 3.83035 0
    endloop
  endfacet
  facet normal 0 0 -1
    outer loop
      vertex 10.29 23.45 0
      vertex 3.63137 55.6886 0
      vertex 3.83035 55.9311 0
    endloop
  endfacet
  facet normal 0 0 -1
    outer loop
      vertex 2.81214 4.06926 0
      vertex 10.29 18.45 0
      vertex 3.11229 3.97821 0
    endloop
  endfacet
  facet normal 0 0 -1
    outer loop
      vertex 10.29 23.45 0
      vertex 3.38891 55.4896 0
      vertex 3.63137 55.6886 0
    endloop
  endfacet
  facet normal 0 0 -1
    outer loop
      vertex 2.5 4.1 0
      vertex 10.29 18.45 0
      vertex 2.81214 4.06926 0
    endloop
  endfacet
  facet normal 0 0 -1
    outer loop
      vertex 10.29 23.45 0
      vertex 3.11229 55.3418 0
      vertex 3.38891 55.4896 0
    endloop
  endfacet
  facet normal 0 0 -1
    outer loop
      vertex 2.18785 4.06926 0
      vertex 10.29 18.45 0
      vertex 2.5 4.1 0
    endloop
  endfacet
  facet normal 0 0 -1
    outer loop
      vertex 10.29 23.45 0
      vertex 2.81214 55.2507 0
      vertex 3.11229 55.3418 0
    endloop
  endfacet
  facet normal 0 0 -1
    outer loop
      vertex 1.88771 3.97821 0
      vertex 10.29 18.45 0
      vertex 2.18785 4.06926 0
    endloop
  endfacet
  facet normal 0 0 -1
    outer loop
      vertex 10.29 23.45 0
      vertex 2.5 55.22 0
      vertex 2.81214 55.2507 0
    endloop
  endfacet
  facet normal 0 0 -1
    outer loop
      vertex 1.61109 3.83035 0
      vertex 10.29 18.45 0
      vertex 1.88771 3.97821 0
    endloop
  endfacet
  facet normal 0 0 -1
    outer loop
      vertex 10.29 23.45 0
      vertex 2.18785 55.2507 0
      vertex 2.5 55.22 0
    endloop
  endfacet
  facet normal -0 0 -1
    outer loop
      vertex 10.29 18.45 0
      vertex 1.61109 3.83035 0
      vertex 10.29 23.45 0
    endloop
  endfacet
  facet normal 0 0 -1
    outer loop
      vertex 10.29 23.45 0
      vertex 1.88771 55.3418 0
      vertex 2.18785 55.2507 0
    endloop
  endfacet
  facet normal 0 0 -1
    outer loop
      vertex 1.36863 3.63137 0
      vertex 10.29 23.45 0
      vertex 1.61109 3.83035 0
    endloop
  endfacet
  facet normal 0 0 -1
    outer loop
      vertex 10.29 23.45 0
      vertex 1.61109 55.4896 0
      vertex 1.88771 55.3418 0
    endloop
  endfacet
  facet normal 0 0 -1
    outer loop
      vertex 1.36863 55.6886 0
      vertex 10.29 23.45 0
      vertex 1.36863 3.63137 0
    endloop
  endfacet
  facet normal 0 0 -1
    outer loop
      vertex 10.29 23.45 0
      vertex 1.36863 55.6886 0
      vertex 1.61109 55.4896 0
    endloop
  endfacet
  facet normal 0 0 -1
    outer loop
      vertex 1.16965 3.38891 0
      vertex 1.36863 55.6886 0
      vertex 1.36863 3.63137 0
    endloop
  endfacet
  facet normal 0 0 -1
    outer loop
      vertex 1.16965 3.38891 0
      vertex 1.16965 55.9311 0
      vertex 1.36863 55.6886 0
    endloop
  endfacet
  facet normal 0 0 -1
    outer loop
      vertex 1.02179 3.11229 0
      vertex 1.16965 55.9311 0
      vertex 1.16965 3.38891 0
    endloop
  endfacet
  facet normal 0 0 -1
    outer loop
      vertex 1.02179 3.11229 0
      vertex 1.02179 56.2077 0
      vertex 1.16965 55.9311 0
    endloop
  endfacet
  facet normal 0 0 -1
    outer loop
      vertex 0.930743 2.81214 0
      vertex 1.02179 56.2077 0
      vertex 1.02179 3.11229 0
    endloop
  endfacet
  facet normal 0 0 -1
    outer loop
      vertex 0.930743 2.81214 0
      vertex 0.930743 56.5079 0
      vertex 1.02179 56.2077 0
    endloop
  endfacet
  facet normal 0 0 -1
    outer loop
      vertex 0 0 0
      vertex 0.930743 2.81214 0
      vertex 0.9 2.5 0
    endloop
  endfacet
  facet normal -0 0 -1
    outer loop
      vertex 0.930743 2.81214 0
      vertex 0 0 0
      vertex 0.930743 56.5079 0
    endloop
  endfacet
  facet normal 0 0 -1
    outer loop
      vertex 40.26 0 0
      vertex 19.29 18.45 0
      vertex 40.26 14.8 0
    endloop
  endfacet
  facet normal 0 0 -1
    outer loop
      vertex 4.1 2.5 0
      vertex 19.29 18.45 0
      vertex 40.26 0 0
    endloop
  endfacet
  facet normal 0 0 -1
    outer loop
      vertex 3.97821 3.11229 0
      vertex 19.29 18.45 0
      vertex 4.06926 2.81214 0
    endloop
  endfacet
  facet normal 0 0 -1
    outer loop
      vertex 4.06926 2.81214 0
      vertex 19.29 18.45 0
      vertex 4.1 2.5 0
    endloop
  endfacet
  facet normal 0 0 -1
    outer loop
      vertex 40.26 0 0
      vertex 4.06926 2.18785 0
      vertex 4.1 2.5 0
    endloop
  endfacet
  facet normal 0 0 -1
    outer loop
      vertex 40.26 0 0
      vertex 3.97821 1.88771 0
      vertex 4.06926 2.18785 0
    endloop
  endfacet
  facet normal 0 0 -1
    outer loop
      vertex 40.26 0 0
      vertex 3.83035 1.61109 0
      vertex 3.97821 1.88771 0
    endloop
  endfacet
  facet normal 0 0 -1
    outer loop
      vertex 40.26 0 0
      vertex 3.63137 1.36863 0
      vertex 3.83035 1.61109 0
    endloop
  endfacet
  facet normal 0 0 -1
    outer loop
      vertex 40.26 0 0
      vertex 3.38891 1.16965 0
      vertex 3.63137 1.36863 0
    endloop
  endfacet
  facet normal 0 0 -1
    outer loop
      vertex 40.26 0 0
      vertex 3.11229 1.02179 0
      vertex 3.38891 1.16965 0
    endloop
  endfacet
  facet normal 0 0 -1
    outer loop
      vertex 40.26 0 0
      vertex 2.81214 0.930743 0
      vertex 3.11229 1.02179 0
    endloop
  endfacet
  facet normal 0 0 -1
    outer loop
      vertex 0 0 0
      vertex 2.81214 0.930743 0
      vertex 40.26 0 0
    endloop
  endfacet
  facet normal 0 0 -1
    outer loop
      vertex 0 59.32 0
      vertex 0.930743 56.5079 0
      vertex 0 0 0
    endloop
  endfacet
  facet normal -0 0 -1
    outer loop
      vertex 0.930743 2.18785 0
      vertex 0 0 0
      vertex 0.9 2.5 0
    endloop
  endfacet
  facet normal -0 0 -1
    outer loop
      vertex 1.02179 1.88771 0
      vertex 0 0 0
      vertex 0.930743 2.18785 0
    endloop
  endfacet
  facet normal -0 0 -1
    outer loop
      vertex 1.16965 1.61109 0
      vertex 0 0 0
      vertex 1.02179 1.88771 0
    endloop
  endfacet
  facet normal -0 0 -1
    outer loop
      vertex 1.36863 1.36863 0
      vertex 0 0 0
      vertex 1.16965 1.61109 0
    endloop
  endfacet
  facet normal -0 0 -1
    outer loop
      vertex 1.61109 1.16965 0
      vertex 0 0 0
      vertex 1.36863 1.36863 0
    endloop
  endfacet
  facet normal -0 0 -1
    outer loop
      vertex 1.88771 1.02179 0
      vertex 0 0 0
      vertex 1.61109 1.16965 0
    endloop
  endfacet
  facet normal -0 0 -1
    outer loop
      vertex 2.18785 0.930743 0
      vertex 0 0 0
      vertex 1.88771 1.02179 0
    endloop
  endfacet
  facet normal -0 0 -1
    outer loop
      vertex 2.5 0.9 0
      vertex 0 0 0
      vertex 2.18785 0.930743 0
    endloop
  endfacet
  facet normal 0 0 -1
    outer loop
      vertex 2.81214 0.930743 0
      vertex 0 0 0
      vertex 2.5 0.9 0
    endloop
  endfacet
  facet normal 0 0 -1
    outer loop
      vertex 64.45 41.75 0
      vertex 78.54 46.75 0
      vertex 78.6 41.75 0
    endloop
  endfacet
  facet normal -0 0 -1
    outer loop
      vertex 78.54 46.75 0
      vertex 64.45 41.75 0
      vertex 64.39 46.75 0
    endloop
  endfacet
  facet normal 0 0 -1
    outer loop
      vertex 78.5115 27.4961 0
      vertex 78.6 27.6 0
      vertex 78.8656 27.1856 0
    endloop
  endfacet
  facet normal -0 0 -1
    outer loop
      vertex 78.6 27.6 0
      vertex 78.5115 27.4961 0
      vertex 78.356 27.6 0
    endloop
  endfacet
  facet normal 0 0 -1
    outer loop
      vertex 95.2293 2.81214 0
      vertex 96.16 0 0
      vertex 95.26 2.5 0
    endloop
  endfacet
  facet normal 0 0 -1
    outer loop
      vertex 96.16 0 0
      vertex 95.2293 2.18785 0
      vertex 95.26 2.5 0
    endloop
  endfacet
  facet normal 0 0 -1
    outer loop
      vertex 96.16 0 0
      vertex 95.1382 1.88771 0
      vertex 95.2293 2.18785 0
    endloop
  endfacet
  facet normal 0 0 -1
    outer loop
      vertex 96.16 0 0
      vertex 94.9903 1.61109 0
      vertex 95.1382 1.88771 0
    endloop
  endfacet
  facet normal 0 0 -1
    outer loop
      vertex 96.16 0 0
      vertex 94.7914 1.36863 0
      vertex 94.9903 1.61109 0
    endloop
  endfacet
  facet normal 0 0 -1
    outer loop
      vertex 96.16 0 0
      vertex 94.5489 1.16965 0
      vertex 94.7914 1.36863 0
    endloop
  endfacet
  facet normal 0 0 -1
    outer loop
      vertex 96.16 0 0
      vertex 94.2723 1.02179 0
      vertex 94.5489 1.16965 0
    endloop
  endfacet
  facet normal 0 0 -1
    outer loop
      vertex 96.16 0 0
      vertex 93.9721 0.930743 0
      vertex 94.2723 1.02179 0
    endloop
  endfacet
  facet normal 0 0 -1
    outer loop
      vertex 96.16 0 0
      vertex 93.66 0.9 0
      vertex 93.9721 0.930743 0
    endloop
  endfacet
  facet normal 0 0 -1
    outer loop
      vertex 96.16 0 0
      vertex 93.3479 0.930743 0
      vertex 93.66 0.9 0
    endloop
  endfacet
  facet normal 0 0 -1
    outer loop
      vertex 68.06 0 0
      vertex 93.3479 0.930743 0
      vertex 96.16 0 0
    endloop
  endfacet
  facet normal 0 0 -1
    outer loop
      vertex 68.06 0 0
      vertex 92.06 2.5 0
      vertex 92.0907 2.18785 0
    endloop
  endfacet
  facet normal 0 0 -1
    outer loop
      vertex 92.06 2.5 0
      vertex 79.8892 25.1099 0
      vertex 83.57 46.75 0
    endloop
  endfacet
  facet normal 0 0 -1
    outer loop
      vertex 92.06 2.5 0
      vertex 79.92 24.64 0
      vertex 79.8892 25.1099 0
    endloop
  endfacet
  facet normal 0 0 -1
    outer loop
      vertex 68.06 0 0
      vertex 92.0907 2.18785 0
      vertex 92.1818 1.88771 0
    endloop
  endfacet
  facet normal 0 0 -1
    outer loop
      vertex 68.06 0 0
      vertex 92.1818 1.88771 0
      vertex 92.3297 1.61109 0
    endloop
  endfacet
  facet normal 0 0 -1
    outer loop
      vertex 92.06 2.5 0
      vertex 79.8892 24.1701 0
      vertex 79.92 24.64 0
    endloop
  endfacet
  facet normal 0 0 -1
    outer loop
      vertex 92.06 2.5 0
      vertex 79.7973 23.7083 0
      vertex 79.8892 24.1701 0
    endloop
  endfacet
  facet normal 0 0 -1
    outer loop
      vertex 92.06 2.5 0
      vertex 79.646 23.2623 0
      vertex 79.7973 23.7083 0
    endloop
  endfacet
  facet normal 0 0 -1
    outer loop
      vertex 92.06 2.5 0
      vertex 79.4377 22.84 0
      vertex 79.646 23.2623 0
    endloop
  endfacet
  facet normal 0 0 -1
    outer loop
      vertex 92.06 2.5 0
      vertex 79.1761 22.4485 0
      vertex 79.4377 22.84 0
    endloop
  endfacet
  facet normal 0 0 -1
    outer loop
      vertex 92.06 2.5 0
      vertex 78.8656 22.0944 0
      vertex 79.1761 22.4485 0
    endloop
  endfacet
  facet normal 0 0 -1
    outer loop
      vertex 92.06 2.5 0
      vertex 78.5115 21.7839 0
      vertex 78.8656 22.0944 0
    endloop
  endfacet
  facet normal 0 0 -1
    outer loop
      vertex 92.06 2.5 0
      vertex 78.12 21.5223 0
      vertex 78.5115 21.7839 0
    endloop
  endfacet
  facet normal 0 0 -1
    outer loop
      vertex 92.06 2.5 0
      vertex 77.6977 21.314 0
      vertex 78.12 21.5223 0
    endloop
  endfacet
  facet normal 0 0 -1
    outer loop
      vertex 92.06 2.5 0
      vertex 77.2517 21.1627 0
      vertex 77.6977 21.314 0
    endloop
  endfacet
  facet normal 0 0 -1
    outer loop
      vertex 92.06 2.5 0
      vertex 68.06 14.8 0
      vertex 77.2517 21.1627 0
    endloop
  endfacet
  facet normal 0 0 -1
    outer loop
      vertex 77.2517 21.1627 0
      vertex 68.06 14.8 0
      vertex 76.7899 21.0708 0
    endloop
  endfacet
  facet normal 0 0 -1
    outer loop
      vertex 68.06 0 0
      vertex 92.3297 1.61109 0
      vertex 92.5286 1.36863 0
    endloop
  endfacet
  facet normal 0 0 -1
    outer loop
      vertex 76.7899 21.0708 0
      vertex 68.06 14.8 0
      vertex 76.32 21.04 0
    endloop
  endfacet
  facet normal -0 0 -1
    outer loop
      vertex 76.32 21.04 0
      vertex 68.06 14.8 0
      vertex 75.8501 21.0708 0
    endloop
  endfacet
  facet normal -0 0 -1
    outer loop
      vertex 75.8501 21.0708 0
      vertex 68.06 14.8 0
      vertex 75.3883 21.1627 0
    endloop
  endfacet
  facet normal -0 0 -1
    outer loop
      vertex 75.3883 21.1627 0
      vertex 68.06 14.8 0
      vertex 74.9423 21.314 0
    endloop
  endfacet
  facet normal -0 0 -1
    outer loop
      vertex 74.9423 21.314 0
      vertex 68.06 14.8 0
      vertex 74.52 21.5223 0
    endloop
  endfacet
  facet normal -0 0 -1
    outer loop
      vertex 74.52 21.5223 0
      vertex 68.06 14.8 0
      vertex 74.1285 21.7839 0
    endloop
  endfacet
  facet normal 0 0 -1
    outer loop
      vertex 64.45 27.6 0
      vertex 72.8427 23.7083 0
      vertex 68.06 14.8 0
    endloop
  endfacet
  facet normal -0 0 -1
    outer loop
      vertex 72.994 23.2623 0
      vertex 68.06 14.8 0
      vertex 72.8427 23.7083 0
    endloop
  endfacet
  facet normal -0 0 -1
    outer loop
      vertex 73.2023 22.84 0
      vertex 68.06 14.8 0
      vertex 72.994 23.2623 0
    endloop
  endfacet
  facet normal -0 0 -1
    outer loop
      vertex 73.4639 22.4485 0
      vertex 68.06 14.8 0
      vertex 73.2023 22.84 0
    endloop
  endfacet
  facet normal -0 0 -1
    outer loop
      vertex 73.7744 22.0944 0
      vertex 68.06 14.8 0
      vertex 73.4639 22.4485 0
    endloop
  endfacet
  facet normal -0 0 -1
    outer loop
      vertex 74.1285 21.7839 0
      vertex 68.06 14.8 0
      vertex 73.7744 22.0944 0
    endloop
  endfacet
  facet normal -0 0 -1
    outer loop
      vertex 92.06 2.5 0
      vertex 68.06 0 0
      vertex 68.06 14.8 0
    endloop
  endfacet
  facet normal -0 0 -1
    outer loop
      vertex 92.7711 1.16965 0
      vertex 68.06 0 0
      vertex 92.5286 1.36863 0
    endloop
  endfacet
  facet normal -0 0 -1
    outer loop
      vertex 93.0477 1.02179 0
      vertex 68.06 0 0
      vertex 92.7711 1.16965 0
    endloop
  endfacet
  facet normal -0 0 -1
    outer loop
      vertex 93.3479 0.930743 0
      vertex 68.06 0 0
      vertex 93.0477 1.02179 0
    endloop
  endfacet
  facet normal 0 0 -1
    outer loop
      vertex 96.16 0 0
      vertex 95.2293 2.81214 0
      vertex 96.16 46.75 0
    endloop
  endfacet
  facet normal 0 0 -1
    outer loop
      vertex 95.1382 3.11229 0
      vertex 96.16 46.75 0
      vertex 95.2293 2.81214 0
    endloop
  endfacet
  facet normal 0 0 -1
    outer loop
      vertex 94.9903 3.38891 0
      vertex 96.16 46.75 0
      vertex 95.1382 3.11229 0
    endloop
  endfacet
  facet normal 0 0 -1
    outer loop
      vertex 94.7914 3.63137 0
      vertex 96.16 46.75 0
      vertex 94.9903 3.38891 0
    endloop
  endfacet
  facet normal 0 0 -1
    outer loop
      vertex 94.5489 3.83035 0
      vertex 96.16 46.75 0
      vertex 94.7914 3.63137 0
    endloop
  endfacet
  facet normal 0 0 -1
    outer loop
      vertex 94.2723 3.97821 0
      vertex 96.16 46.75 0
      vertex 94.5489 3.83035 0
    endloop
  endfacet
  facet normal 0 0 -1
    outer loop
      vertex 93.9721 4.06926 0
      vertex 96.16 46.75 0
      vertex 94.2723 3.97821 0
    endloop
  endfacet
  facet normal 0 0 -1
    outer loop
      vertex 93.66 4.1 0
      vertex 96.16 46.75 0
      vertex 93.9721 4.06926 0
    endloop
  endfacet
  facet normal 0 0 -1
    outer loop
      vertex 93.3479 4.06926 0
      vertex 96.16 46.75 0
      vertex 93.66 4.1 0
    endloop
  endfacet
  facet normal 0 0 -1
    outer loop
      vertex 83.57 46.75 0
      vertex 93.3479 4.06926 0
      vertex 93.0477 3.97821 0
    endloop
  endfacet
  facet normal 0 0 -1
    outer loop
      vertex 83.57 46.75 0
      vertex 93.0477 3.97821 0
      vertex 92.7711 3.83035 0
    endloop
  endfacet
  facet normal 0 0 -1
    outer loop
      vertex 83.57 46.75 0
      vertex 92.7711 3.83035 0
      vertex 92.5286 3.63137 0
    endloop
  endfacet
  facet normal 0 0 -1
    outer loop
      vertex 83.57 46.75 0
      vertex 92.5286 3.63137 0
      vertex 92.3297 3.38891 0
    endloop
  endfacet
  facet normal 0 0 -1
    outer loop
      vertex 83.57 46.75 0
      vertex 92.3297 3.38891 0
      vertex 92.1818 3.11229 0
    endloop
  endfacet
  facet normal 0 0 -1
    outer loop
      vertex 83.57 46.75 0
      vertex 92.1818 3.11229 0
      vertex 92.0907 2.81214 0
    endloop
  endfacet
  facet normal 0 0 -1
    outer loop
      vertex 83.57 46.75 0
      vertex 92.0907 2.81214 0
      vertex 92.06 2.5 0
    endloop
  endfacet
  facet normal 0 0 -1
    outer loop
      vertex 93.3479 4.06926 0
      vertex 83.57 46.75 0
      vertex 96.16 46.75 0
    endloop
  endfacet
  facet normal 0 0 -1
    outer loop
      vertex 79.7973 25.5717 0
      vertex 83.57 46.75 0
      vertex 79.8892 25.1099 0
    endloop
  endfacet
  facet normal 0 0 -1
    outer loop
      vertex 79.646 26.0177 0
      vertex 83.57 46.75 0
      vertex 79.7973 25.5717 0
    endloop
  endfacet
  facet normal 0 0 -1
    outer loop
      vertex 79.4377 26.44 0
      vertex 83.57 46.75 0
      vertex 79.646 26.0177 0
    endloop
  endfacet
  facet normal 0 0 -1
    outer loop
      vertex 79.1761 26.8315 0
      vertex 83.57 46.75 0
      vertex 79.4377 26.44 0
    endloop
  endfacet
  facet normal 0 0 -1
    outer loop
      vertex 83.57 46.75 0
      vertex 79.1761 26.8315 0
      vertex 78.6 41.75 0
    endloop
  endfacet
  facet normal 0 0 -1
    outer loop
      vertex 78.6 27.6 0
      vertex 79.1761 26.8315 0
      vertex 78.8656 27.1856 0
    endloop
  endfacet
  facet normal 0 0 -1
    outer loop
      vertex 79.1761 26.8315 0
      vertex 78.6 27.6 0
      vertex 78.6 41.75 0
    endloop
  endfacet
  facet normal 0 0 -1
    outer loop
      vertex 78.54 46.75 0
      vertex 83.57 46.75 0
      vertex 78.6 41.75 0
    endloop
  endfacet
  facet normal 0 0 -1
    outer loop
      vertex 83.57 46.75 0
      vertex 78.54 46.75 0
      vertex 83.57 59.32 0
    endloop
  endfacet
  facet normal -0 0 -1
    outer loop
      vertex 83.57 59.32 0
      vertex 78.54 46.75 0
      vertex 78.54 59.32 0
    endloop
  endfacet
  facet normal 0 0 -1
    outer loop
      vertex 72.8427 23.7083 0
      vertex 64.45 27.6 0
      vertex 72.7508 24.1701 0
    endloop
  endfacet
  facet normal 0 0 -1
    outer loop
      vertex 72.7508 24.1701 0
      vertex 64.45 27.6 0
      vertex 72.72 24.64 0
    endloop
  endfacet
  facet normal 0 0 -1
    outer loop
      vertex 72.72 24.64 0
      vertex 64.45 27.6 0
      vertex 72.7508 25.1099 0
    endloop
  endfacet
  facet normal 0 0 -1
    outer loop
      vertex 72.7508 25.1099 0
      vertex 64.45 27.6 0
      vertex 72.8427 25.5717 0
    endloop
  endfacet
  facet normal 0 0 -1
    outer loop
      vertex 74.1285 27.4961 0
      vertex 64.45 27.6 0
      vertex 74.284 27.6 0
    endloop
  endfacet
  facet normal 0 0 -1
    outer loop
      vertex 73.7744 27.1856 0
      vertex 64.45 27.6 0
      vertex 74.1285 27.4961 0
    endloop
  endfacet
  facet normal 0 0 -1
    outer loop
      vertex 73.4639 26.8315 0
      vertex 64.45 27.6 0
      vertex 73.7744 27.1856 0
    endloop
  endfacet
  facet normal 0 0 -1
    outer loop
      vertex 73.2023 26.44 0
      vertex 64.45 27.6 0
      vertex 73.4639 26.8315 0
    endloop
  endfacet
  facet normal 0 0 -1
    outer loop
      vertex 72.994 26.0177 0
      vertex 64.45 27.6 0
      vertex 73.2023 26.44 0
    endloop
  endfacet
  facet normal 0 0 -1
    outer loop
      vertex 72.8427 25.5717 0
      vertex 64.45 27.6 0
      vertex 72.994 26.0177 0
    endloop
  endfacet
  facet normal 0 0 -1
    outer loop
      vertex 44.6193 31.6521 0
      vertex 64.45 41.75 0
      vertex 64.45 27.6 0
    endloop
  endfacet
  facet normal 0 0 -1
    outer loop
      vertex 64.39 46.75 0
      vertex 59.49 46.79 0
      vertex 64.39 59.32 0
    endloop
  endfacet
  facet normal 0 0 -1
    outer loop
      vertex 64.45 41.75 0
      vertex 59.49 46.79 0
      vertex 64.39 46.75 0
    endloop
  endfacet
  facet normal -0 0 -1
    outer loop
      vertex 64.45 41.75 0
      vertex 44.5282 31.9523 0
      vertex 59.49 46.79 0
    endloop
  endfacet
  facet normal 0 0 -1
    outer loop
      vertex 40.26 14.8 0
      vertex 64.45 27.6 0
      vertex 68.06 14.8 0
    endloop
  endfacet
  facet normal 0 0 -1
    outer loop
      vertex 64.45 41.75 0
      vertex 44.6193 31.6521 0
      vertex 44.5282 31.9523 0
    endloop
  endfacet
  facet normal 0 0 -1
    outer loop
      vertex 64.45 27.6 0
      vertex 44.65 31.34 0
      vertex 44.6193 31.6521 0
    endloop
  endfacet
  facet normal 0 0 -1
    outer loop
      vertex 64.45 27.6 0
      vertex 44.6193 31.0279 0
      vertex 44.65 31.34 0
    endloop
  endfacet
  facet normal 0 0 -1
    outer loop
      vertex 64.45 27.6 0
      vertex 44.5282 30.7277 0
      vertex 44.6193 31.0279 0
    endloop
  endfacet
  facet normal 0 0 -1
    outer loop
      vertex 64.45 27.6 0
      vertex 44.3804 30.4511 0
      vertex 44.5282 30.7277 0
    endloop
  endfacet
  facet normal 0 0 -1
    outer loop
      vertex 64.45 27.6 0
      vertex 44.1814 30.2086 0
      vertex 44.3804 30.4511 0
    endloop
  endfacet
  facet normal -0 0 -1
    outer loop
      vertex 64.45 27.6 0
      vertex 40.26 14.8 0
      vertex 44.1814 30.2086 0
    endloop
  endfacet
  facet normal 0 0 -1
    outer loop
      vertex 44.1814 30.2086 0
      vertex 40.26 14.8 0
      vertex 43.9389 30.0096 0
    endloop
  endfacet
  facet normal 0 0 -1
    outer loop
      vertex 43.9389 30.0096 0
      vertex 40.26 14.8 0
      vertex 43.6623 29.8618 0
    endloop
  endfacet
  facet normal 0 0 -1
    outer loop
      vertex 43.6623 29.8618 0
      vertex 40.26 14.8 0
      vertex 43.3621 29.7707 0
    endloop
  endfacet
  facet normal 0 0 -1
    outer loop
      vertex 43.3621 29.7707 0
      vertex 40.26 14.8 0
      vertex 43.05 29.74 0
    endloop
  endfacet
  facet normal -0 0 -1
    outer loop
      vertex 43.05 29.74 0
      vertex 40.26 14.8 0
      vertex 42.7379 29.7707 0
    endloop
  endfacet
  facet normal -0 0 -1
    outer loop
      vertex 42.7379 29.7707 0
      vertex 40.26 14.8 0
      vertex 42.4377 29.8618 0
    endloop
  endfacet
  facet normal -0 0 -1
    outer loop
      vertex 41.5718 30.7277 0
      vertex 19.29 23.45 0
      vertex 41.4807 31.0279 0
    endloop
  endfacet
  facet normal -0 0 -1
    outer loop
      vertex 41.7197 30.4511 0
      vertex 19.29 23.45 0
      vertex 41.5718 30.7277 0
    endloop
  endfacet
  facet normal 0 0 -1
    outer loop
      vertex 19.29 23.45 0
      vertex 41.7197 30.4511 0
      vertex 40.26 14.8 0
    endloop
  endfacet
  facet normal -0 0 -1
    outer loop
      vertex 41.9186 30.2086 0
      vertex 40.26 14.8 0
      vertex 41.7197 30.4511 0
    endloop
  endfacet
  facet normal -0 0 -1
    outer loop
      vertex 42.1611 30.0096 0
      vertex 40.26 14.8 0
      vertex 41.9186 30.2086 0
    endloop
  endfacet
  facet normal -0 0 -1
    outer loop
      vertex 42.4377 29.8618 0
      vertex 40.26 14.8 0
      vertex 42.1611 30.0096 0
    endloop
  endfacet
  facet normal -0 0 -1
    outer loop
      vertex 64.39 59.32 0
      vertex 59.49 46.79 0
      vertex 59.49 59.32 0
    endloop
  endfacet
  facet normal 0 0 -1
    outer loop
      vertex 59.49 46.79 0
      vertex 44.5282 31.9523 0
      vertex 44.3804 32.2289 0
    endloop
  endfacet
  facet normal -0 0 -1
    outer loop
      vertex 59.49 46.79 0
      vertex 44.3804 32.2289 0
      vertex 45.34 46.79 0
    endloop
  endfacet
  facet normal 0 0 -1
    outer loop
      vertex 44.1814 32.4714 0
      vertex 45.34 46.79 0
      vertex 44.3804 32.2289 0
    endloop
  endfacet
  facet normal 0 0 -1
    outer loop
      vertex 43.9389 32.6703 0
      vertex 45.34 46.79 0
      vertex 44.1814 32.4714 0
    endloop
  endfacet
  facet normal 0 0 -1
    outer loop
      vertex 43.6623 32.8182 0
      vertex 45.34 46.79 0
      vertex 43.9389 32.6703 0
    endloop
  endfacet
  facet normal 0 0 -1
    outer loop
      vertex 43.3621 32.9093 0
      vertex 45.34 46.79 0
      vertex 43.6623 32.8182 0
    endloop
  endfacet
  facet normal 0 0 -1
    outer loop
      vertex 43.05 32.94 0
      vertex 45.34 46.79 0
      vertex 43.3621 32.9093 0
    endloop
  endfacet
  facet normal 0 0 -1
    outer loop
      vertex 42.7379 32.9093 0
      vertex 45.34 46.79 0
      vertex 43.05 32.94 0
    endloop
  endfacet
  facet normal 0 0 -1
    outer loop
      vertex 42.4377 32.8182 0
      vertex 45.34 46.79 0
      vertex 42.7379 32.9093 0
    endloop
  endfacet
  facet normal 0 0 -1
    outer loop
      vertex 42.1611 32.6703 0
      vertex 45.34 46.79 0
      vertex 42.4377 32.8182 0
    endloop
  endfacet
  facet normal 0 0 -1
    outer loop
      vertex 41.9186 32.4714 0
      vertex 45.34 46.79 0
      vertex 42.1611 32.6703 0
    endloop
  endfacet
  facet normal 0 0 -1
    outer loop
      vertex 41.7197 32.2289 0
      vertex 45.34 46.79 0
      vertex 41.9186 32.4714 0
    endloop
  endfacet
  facet normal 0 0 -1
    outer loop
      vertex 19.29 23.45 0
      vertex 45.34 46.79 0
      vertex 41.7197 32.2289 0
    endloop
  endfacet
  facet normal 0 0 -1
    outer loop
      vertex 19.29 23.45 0
      vertex 41.7197 32.2289 0
      vertex 41.5718 31.9523 0
    endloop
  endfacet
  facet normal 0 0 -1
    outer loop
      vertex 19.29 23.45 0
      vertex 41.5718 31.9523 0
      vertex 41.4807 31.6521 0
    endloop
  endfacet
  facet normal 0 0 -1
    outer loop
      vertex 19.29 23.45 0
      vertex 40.26 14.8 0
      vertex 19.29 18.45 0
    endloop
  endfacet
  facet normal -0 0 -1
    outer loop
      vertex 41.4807 31.0279 0
      vertex 19.29 23.45 0
      vertex 41.45 31.34 0
    endloop
  endfacet
  facet normal -0 0 -1
    outer loop
      vertex 41.45 31.34 0
      vertex 19.29 23.45 0
      vertex 41.4807 31.6521 0
    endloop
  endfacet
  facet normal -0 0 -1
    outer loop
      vertex 45.34 46.79 0
      vertex 19.29 23.45 0
      vertex 4.1 56.82 0
    endloop
  endfacet
  facet normal 0 0 -1
    outer loop
      vertex 4.1 56.82 0
      vertex 19.29 23.45 0
      vertex 10.29 23.45 0
    endloop
  endfacet
  facet normal -0 0 -1
    outer loop
      vertex 19.29 18.45 0
      vertex 3.97821 3.11229 0
      vertex 10.29 18.45 0
    endloop
  endfacet
  facet normal 0 0 -1
    outer loop
      vertex 45.34 46.79 0
      vertex 4.1 56.82 0
      vertex 45.34 59.32 0
    endloop
  endfacet
  facet normal 0 0 -1
    outer loop
      vertex 4.06926 57.1321 0
      vertex 45.34 59.32 0
      vertex 4.1 56.82 0
    endloop
  endfacet
  facet normal 0 0 -1
    outer loop
      vertex 3.97821 57.4323 0
      vertex 45.34 59.32 0
      vertex 4.06926 57.1321 0
    endloop
  endfacet
  facet normal 0 0 -1
    outer loop
      vertex 3.83035 57.7089 0
      vertex 45.34 59.32 0
      vertex 3.97821 57.4323 0
    endloop
  endfacet
  facet normal 0 0 -1
    outer loop
      vertex 3.63137 57.9514 0
      vertex 45.34 59.32 0
      vertex 3.83035 57.7089 0
    endloop
  endfacet
  facet normal 0 0 -1
    outer loop
      vertex 3.38891 58.1504 0
      vertex 45.34 59.32 0
      vertex 3.63137 57.9514 0
    endloop
  endfacet
  facet normal 0 0 -1
    outer loop
      vertex 3.11229 58.2982 0
      vertex 45.34 59.32 0
      vertex 3.38891 58.1504 0
    endloop
  endfacet
  facet normal 0 0 -1
    outer loop
      vertex 2.81214 58.3893 0
      vertex 45.34 59.32 0
      vertex 3.11229 58.2982 0
    endloop
  endfacet
  facet normal 0 0 -1
    outer loop
      vertex 0 59.32 0
      vertex 2.81214 58.3893 0
      vertex 2.5 58.42 0
    endloop
  endfacet
  facet normal 0 0 -1
    outer loop
      vertex 2.81214 58.3893 0
      vertex 0 59.32 0
      vertex 45.34 59.32 0
    endloop
  endfacet
  facet normal 0 0 -1
    outer loop
      vertex 2.18785 58.3893 0
      vertex 0 59.32 0
      vertex 2.5 58.42 0
    endloop
  endfacet
  facet normal 0 0 -1
    outer loop
      vertex 1.88771 58.2982 0
      vertex 0 59.32 0
      vertex 2.18785 58.3893 0
    endloop
  endfacet
  facet normal 0 0 -1
    outer loop
      vertex 1.61109 58.1504 0
      vertex 0 59.32 0
      vertex 1.88771 58.2982 0
    endloop
  endfacet
  facet normal 0 0 -1
    outer loop
      vertex 1.36863 57.9514 0
      vertex 0 59.32 0
      vertex 1.61109 58.1504 0
    endloop
  endfacet
  facet normal 0 0 -1
    outer loop
      vertex 1.16965 57.7089 0
      vertex 0 59.32 0
      vertex 1.36863 57.9514 0
    endloop
  endfacet
  facet normal 0 0 -1
    outer loop
      vertex 1.02179 57.4323 0
      vertex 0 59.32 0
      vertex 1.16965 57.7089 0
    endloop
  endfacet
  facet normal 0 0 -1
    outer loop
      vertex 0.930743 57.1321 0
      vertex 0 59.32 0
      vertex 1.02179 57.4323 0
    endloop
  endfacet
  facet normal 0 0 -1
    outer loop
      vertex 0.9 56.82 0
      vertex 0 59.32 0
      vertex 0.930743 57.1321 0
    endloop
  endfacet
  facet normal 0 0 -1
    outer loop
      vertex 0.930743 56.5079 0
      vertex 0 59.32 0
      vertex 0.9 56.82 0
    endloop
  endfacet
  facet normal 0 -1 0
    outer loop
      vertex 68.06 0 0
      vertex 96.16 0 2
      vertex 68.06 0 2
    endloop
  endfacet
  facet normal 0 -1 -0
    outer loop
      vertex 96.16 0 2
      vertex 68.06 0 0
      vertex 96.16 0 0
    endloop
  endfacet
  facet normal 0 -1 0
    outer loop
      vertex 0 0 0
      vertex 40.26 0 2
      vertex 0 0 2
    endloop
  endfacet
  facet normal 0 -1 -0
    outer loop
      vertex 40.26 0 2
      vertex 0 0 0
      vertex 40.26 0 0
    endloop
  endfacet
  facet normal 0 1 -0
    outer loop
      vertex 45.34 59.32 0
      vertex 0 59.32 2
      vertex 45.34 59.32 2
    endloop
  endfacet
  facet normal 0 1 0
    outer loop
      vertex 0 59.32 2
      vertex 45.34 59.32 0
      vertex 0 59.32 0
    endloop
  endfacet
  facet normal 0 1 -0
    outer loop
      vertex 64.39 59.32 0
      vertex 59.49 59.32 2
      vertex 64.39 59.32 2
    endloop
  endfacet
  facet normal 0 1 0
    outer loop
      vertex 59.49 59.32 2
      vertex 64.39 59.32 0
      vertex 59.49 59.32 0
    endloop
  endfacet
  facet normal 0 1 -0
    outer loop
      vertex 83.57 59.32 0
      vertex 78.54 59.32 2
      vertex 83.57 59.32 2
    endloop
  endfacet
  facet normal 0 1 0
    outer loop
      vertex 78.54 59.32 2
      vertex 83.57 59.32 0
      vertex 78.54 59.32 0
    endloop
  endfacet
  facet normal -0.997859 -0.0654055 0
    outer loop
      vertex 79.92 24.64 0
      vertex 79.8892 25.1099 2
      vertex 79.8892 25.1099 0
    endloop
  endfacet
  facet normal -0.997859 -0.0654055 0
    outer loop
      vertex 79.8892 25.1099 2
      vertex 79.92 24.64 0
      vertex 79.92 24.64 2
    endloop
  endfacet
  facet normal 0.997859 -0.0654055 0
    outer loop
      vertex 72.72 24.64 2
      vertex 72.7508 25.1099 0
      vertex 72.7508 25.1099 2
    endloop
  endfacet
  facet normal 0.997859 -0.0654055 0
    outer loop
      vertex 72.7508 25.1099 0
      vertex 72.72 24.64 2
      vertex 72.72 24.64 0
    endloop
  endfacet
  facet normal -0.0654055 0.997859 0
    outer loop
      vertex 76.7899 21.0708 0
      vertex 76.32 21.04 2
      vertex 76.7899 21.0708 2
    endloop
  endfacet
  facet normal -0.0654055 0.997859 0
    outer loop
      vertex 76.32 21.04 2
      vertex 76.7899 21.0708 0
      vertex 76.32 21.04 0
    endloop
  endfacet
  facet normal -0.751879 -0.659301 0
    outer loop
      vertex 79.1761 26.8315 0
      vertex 78.8656 27.1856 2
      vertex 78.8656 27.1856 0
    endloop
  endfacet
  facet normal -0.751879 -0.659301 0
    outer loop
      vertex 78.8656 27.1856 2
      vertex 79.1761 26.8315 0
      vertex 79.1761 26.8315 2
    endloop
  endfacet
  facet normal 0.659301 -0.751879 0
    outer loop
      vertex 73.7744 27.1856 0
      vertex 74.1285 27.4961 2
      vertex 73.7744 27.1856 2
    endloop
  endfacet
  facet normal 0.659301 -0.751879 0
    outer loop
      vertex 74.1285 27.4961 2
      vertex 73.7744 27.1856 0
      vertex 74.1285 27.4961 0
    endloop
  endfacet
  facet normal -0.831462 0.555582 0
    outer loop
      vertex 79.1761 22.4485 0
      vertex 79.4377 22.84 2
      vertex 79.4377 22.84 0
    endloop
  endfacet
  facet normal -0.831462 0.555582 0
    outer loop
      vertex 79.4377 22.84 2
      vertex 79.1761 22.4485 0
      vertex 79.1761 22.4485 2
    endloop
  endfacet
  facet normal -0.946993 -0.321256 0
    outer loop
      vertex 79.7973 25.5717 0
      vertex 79.646 26.0177 2
      vertex 79.646 26.0177 0
    endloop
  endfacet
  facet normal -0.946993 -0.321256 0
    outer loop
      vertex 79.646 26.0177 2
      vertex 79.7973 25.5717 0
      vertex 79.7973 25.5717 2
    endloop
  endfacet
  facet normal -0.980768 -0.195177 0
    outer loop
      vertex 79.8892 25.1099 0
      vertex 79.7973 25.5717 2
      vertex 79.7973 25.5717 0
    endloop
  endfacet
  facet normal -0.980768 -0.195177 0
    outer loop
      vertex 79.7973 25.5717 2
      vertex 79.8892 25.1099 0
      vertex 79.8892 25.1099 2
    endloop
  endfacet
  facet normal -0.896835 -0.442365 0
    outer loop
      vertex 79.646 26.0177 0
      vertex 79.4377 26.44 2
      vertex 79.4377 26.44 0
    endloop
  endfacet
  facet normal -0.896835 -0.442365 0
    outer loop
      vertex 79.4377 26.44 2
      vertex 79.646 26.0177 0
      vertex 79.646 26.0177 2
    endloop
  endfacet
  facet normal -0.555564 -0.831474 0
    outer loop
      vertex 78.356 27.6 0
      vertex 78.5115 27.4961 2
      vertex 78.356 27.6 2
    endloop
  endfacet
  facet normal -0.555564 -0.831474 -0
    outer loop
      vertex 78.5115 27.4961 2
      vertex 78.356 27.6 0
      vertex 78.5115 27.4961 0
    endloop
  endfacet
  facet normal 0.831462 -0.555582 0
    outer loop
      vertex 73.2023 26.44 2
      vertex 73.4639 26.8315 0
      vertex 73.4639 26.8315 2
    endloop
  endfacet
  facet normal 0.831462 -0.555582 0
    outer loop
      vertex 73.4639 26.8315 0
      vertex 73.2023 26.44 2
      vertex 73.2023 26.44 0
    endloop
  endfacet
  facet normal 0.751879 -0.659301 0
    outer loop
      vertex 73.4639 26.8315 2
      vertex 73.7744 27.1856 0
      vertex 73.7744 27.1856 2
    endloop
  endfacet
  facet normal 0.751879 -0.659301 0
    outer loop
      vertex 73.7744 27.1856 0
      vertex 73.4639 26.8315 2
      vertex 73.4639 26.8315 0
    endloop
  endfacet
  facet normal 0.555564 -0.831474 0
    outer loop
      vertex 74.1285 27.4961 0
      vertex 74.284 27.6 2
      vertex 74.1285 27.4961 2
    endloop
  endfacet
  facet normal 0.555564 -0.831474 0
    outer loop
      vertex 74.284 27.6 2
      vertex 74.1285 27.4961 0
      vertex 74.284 27.6 0
    endloop
  endfacet
  facet normal -0.195177 0.980768 0
    outer loop
      vertex 77.2517 21.1627 0
      vertex 76.7899 21.0708 2
      vertex 77.2517 21.1627 2
    endloop
  endfacet
  facet normal -0.195177 0.980768 0
    outer loop
      vertex 76.7899 21.0708 2
      vertex 77.2517 21.1627 0
      vertex 76.7899 21.0708 0
    endloop
  endfacet
  facet normal -0.831462 -0.555582 0
    outer loop
      vertex 79.4377 26.44 0
      vertex 79.1761 26.8315 2
      vertex 79.1761 26.8315 0
    endloop
  endfacet
  facet normal -0.831462 -0.555582 0
    outer loop
      vertex 79.1761 26.8315 2
      vertex 79.4377 26.44 0
      vertex 79.4377 26.44 2
    endloop
  endfacet
  facet normal -0.659301 -0.751879 0
    outer loop
      vertex 78.5115 27.4961 0
      vertex 78.8656 27.1856 2
      vertex 78.5115 27.4961 2
    endloop
  endfacet
  facet normal -0.659301 -0.751879 -0
    outer loop
      vertex 78.8656 27.1856 2
      vertex 78.5115 27.4961 0
      vertex 78.8656 27.1856 0
    endloop
  endfacet
  facet normal 0.896835 -0.442365 0
    outer loop
      vertex 72.994 26.0177 2
      vertex 73.2023 26.44 0
      vertex 73.2023 26.44 2
    endloop
  endfacet
  facet normal 0.896835 -0.442365 0
    outer loop
      vertex 73.2023 26.44 0
      vertex 72.994 26.0177 2
      vertex 72.994 26.0177 0
    endloop
  endfacet
  facet normal 0.946993 -0.321256 0
    outer loop
      vertex 72.8427 25.5717 2
      vertex 72.994 26.0177 0
      vertex 72.994 26.0177 2
    endloop
  endfacet
  facet normal 0.946993 -0.321256 0
    outer loop
      vertex 72.994 26.0177 0
      vertex 72.8427 25.5717 2
      vertex 72.8427 25.5717 0
    endloop
  endfacet
  facet normal 0.980768 -0.195177 0
    outer loop
      vertex 72.7508 25.1099 2
      vertex 72.8427 25.5717 0
      vertex 72.8427 25.5717 2
    endloop
  endfacet
  facet normal 0.980768 -0.195177 0
    outer loop
      vertex 72.8427 25.5717 0
      vertex 72.7508 25.1099 2
      vertex 72.7508 25.1099 0
    endloop
  endfacet
  facet normal -0.997859 0.0654055 0
    outer loop
      vertex 79.8892 24.1701 0
      vertex 79.92 24.64 2
      vertex 79.92 24.64 0
    endloop
  endfacet
  facet normal -0.997859 0.0654055 0
    outer loop
      vertex 79.92 24.64 2
      vertex 79.8892 24.1701 0
      vertex 79.8892 24.1701 2
    endloop
  endfacet
  facet normal -0.751879 0.659301 0
    outer loop
      vertex 78.8656 22.0944 0
      vertex 79.1761 22.4485 2
      vertex 79.1761 22.4485 0
    endloop
  endfacet
  facet normal -0.751879 0.659301 0
    outer loop
      vertex 79.1761 22.4485 2
      vertex 78.8656 22.0944 0
      vertex 78.8656 22.0944 2
    endloop
  endfacet
  facet normal 0.831462 0.555582 0
    outer loop
      vertex 73.4639 22.4485 2
      vertex 73.2023 22.84 0
      vertex 73.2023 22.84 2
    endloop
  endfacet
  facet normal 0.831462 0.555582 0
    outer loop
      vertex 73.2023 22.84 0
      vertex 73.4639 22.4485 2
      vertex 73.4639 22.4485 0
    endloop
  endfacet
  facet normal 0.896835 0.442365 0
    outer loop
      vertex 73.2023 22.84 2
      vertex 72.994 23.2623 0
      vertex 72.994 23.2623 2
    endloop
  endfacet
  facet normal 0.896835 0.442365 0
    outer loop
      vertex 72.994 23.2623 0
      vertex 73.2023 22.84 2
      vertex 73.2023 22.84 0
    endloop
  endfacet
  facet normal -0.442365 0.896835 0
    outer loop
      vertex 78.12 21.5223 0
      vertex 77.6977 21.314 2
      vertex 78.12 21.5223 2
    endloop
  endfacet
  facet normal -0.442365 0.896835 0
    outer loop
      vertex 77.6977 21.314 2
      vertex 78.12 21.5223 0
      vertex 77.6977 21.314 0
    endloop
  endfacet
  facet normal -0.980768 0.195177 0
    outer loop
      vertex 79.7973 23.7083 0
      vertex 79.8892 24.1701 2
      vertex 79.8892 24.1701 0
    endloop
  endfacet
  facet normal -0.980768 0.195177 0
    outer loop
      vertex 79.8892 24.1701 2
      vertex 79.7973 23.7083 0
      vertex 79.7973 23.7083 2
    endloop
  endfacet
  facet normal -0.555582 0.831462 0
    outer loop
      vertex 78.5115 21.7839 0
      vertex 78.12 21.5223 2
      vertex 78.5115 21.7839 2
    endloop
  endfacet
  facet normal -0.555582 0.831462 0
    outer loop
      vertex 78.12 21.5223 2
      vertex 78.5115 21.7839 0
      vertex 78.12 21.5223 0
    endloop
  endfacet
  facet normal -0.896835 0.442365 0
    outer loop
      vertex 79.4377 22.84 0
      vertex 79.646 23.2623 2
      vertex 79.646 23.2623 0
    endloop
  endfacet
  facet normal -0.896835 0.442365 0
    outer loop
      vertex 79.646 23.2623 2
      vertex 79.4377 22.84 0
      vertex 79.4377 22.84 2
    endloop
  endfacet
  facet normal 0.946993 0.321256 0
    outer loop
      vertex 72.994 23.2623 2
      vertex 72.8427 23.7083 0
      vertex 72.8427 23.7083 2
    endloop
  endfacet
  facet normal 0.946993 0.321256 0
    outer loop
      vertex 72.8427 23.7083 0
      vertex 72.994 23.2623 2
      vertex 72.994 23.2623 0
    endloop
  endfacet
  facet normal 0.997859 0.0654055 0
    outer loop
      vertex 72.7508 24.1701 2
      vertex 72.72 24.64 0
      vertex 72.72 24.64 2
    endloop
  endfacet
  facet normal 0.997859 0.0654055 0
    outer loop
      vertex 72.72 24.64 0
      vertex 72.7508 24.1701 2
      vertex 72.7508 24.1701 0
    endloop
  endfacet
  facet normal -0.321256 0.946993 0
    outer loop
      vertex 77.6977 21.314 0
      vertex 77.2517 21.1627 2
      vertex 77.6977 21.314 2
    endloop
  endfacet
  facet normal -0.321256 0.946993 0
    outer loop
      vertex 77.2517 21.1627 2
      vertex 77.6977 21.314 0
      vertex 77.2517 21.1627 0
    endloop
  endfacet
  facet normal -0.659301 0.751879 0
    outer loop
      vertex 78.8656 22.0944 0
      vertex 78.5115 21.7839 2
      vertex 78.8656 22.0944 2
    endloop
  endfacet
  facet normal -0.659301 0.751879 0
    outer loop
      vertex 78.5115 21.7839 2
      vertex 78.8656 22.0944 0
      vertex 78.5115 21.7839 0
    endloop
  endfacet
  facet normal -0.946993 0.321256 0
    outer loop
      vertex 79.646 23.2623 0
      vertex 79.7973 23.7083 2
      vertex 79.7973 23.7083 0
    endloop
  endfacet
  facet normal -0.946993 0.321256 0
    outer loop
      vertex 79.7973 23.7083 2
      vertex 79.646 23.2623 0
      vertex 79.646 23.2623 2
    endloop
  endfacet
  facet normal 0.442365 0.896835 -0
    outer loop
      vertex 74.9423 21.314 0
      vertex 74.52 21.5223 2
      vertex 74.9423 21.314 2
    endloop
  endfacet
  facet normal 0.442365 0.896835 0
    outer loop
      vertex 74.52 21.5223 2
      vertex 74.9423 21.314 0
      vertex 74.52 21.5223 0
    endloop
  endfacet
  facet normal 0.195177 0.980768 -0
    outer loop
      vertex 75.8501 21.0708 0
      vertex 75.3883 21.1627 2
      vertex 75.8501 21.0708 2
    endloop
  endfacet
  facet normal 0.195177 0.980768 0
    outer loop
      vertex 75.3883 21.1627 2
      vertex 75.8501 21.0708 0
      vertex 75.3883 21.1627 0
    endloop
  endfacet
  facet normal 0.751879 0.659301 0
    outer loop
      vertex 73.7744 22.0944 2
      vertex 73.4639 22.4485 0
      vertex 73.4639 22.4485 2
    endloop
  endfacet
  facet normal 0.751879 0.659301 0
    outer loop
      vertex 73.4639 22.4485 0
      vertex 73.7744 22.0944 2
      vertex 73.7744 22.0944 0
    endloop
  endfacet
  facet normal 0.980768 0.195177 0
    outer loop
      vertex 72.8427 23.7083 2
      vertex 72.7508 24.1701 0
      vertex 72.7508 24.1701 2
    endloop
  endfacet
  facet normal 0.980768 0.195177 0
    outer loop
      vertex 72.7508 24.1701 0
      vertex 72.8427 23.7083 2
      vertex 72.8427 23.7083 0
    endloop
  endfacet
  facet normal 0.659301 0.751879 -0
    outer loop
      vertex 74.1285 21.7839 0
      vertex 73.7744 22.0944 2
      vertex 74.1285 21.7839 2
    endloop
  endfacet
  facet normal 0.659301 0.751879 0
    outer loop
      vertex 73.7744 22.0944 2
      vertex 74.1285 21.7839 0
      vertex 73.7744 22.0944 0
    endloop
  endfacet
  facet normal 0.555582 0.831462 -0
    outer loop
      vertex 74.52 21.5223 0
      vertex 74.1285 21.7839 2
      vertex 74.52 21.5223 2
    endloop
  endfacet
  facet normal 0.555582 0.831462 0
    outer loop
      vertex 74.1285 21.7839 2
      vertex 74.52 21.5223 0
      vertex 74.1285 21.7839 0
    endloop
  endfacet
  facet normal 0.0654055 0.997859 -0
    outer loop
      vertex 76.32 21.04 0
      vertex 75.8501 21.0708 2
      vertex 76.32 21.04 2
    endloop
  endfacet
  facet normal 0.0654055 0.997859 0
    outer loop
      vertex 75.8501 21.0708 2
      vertex 76.32 21.04 0
      vertex 75.8501 21.0708 0
    endloop
  endfacet
  facet normal 0.321256 0.946993 -0
    outer loop
      vertex 75.3883 21.1627 0
      vertex 74.9423 21.314 2
      vertex 75.3883 21.1627 2
    endloop
  endfacet
  facet normal 0.321256 0.946993 0
    outer loop
      vertex 74.9423 21.314 2
      vertex 75.3883 21.1627 0
      vertex 74.9423 21.314 0
    endloop
  endfacet
  facet normal 1 -0 0
    outer loop
      vertex 10.29 18.45 2
      vertex 10.29 23.45 0
      vertex 10.29 23.45 2
    endloop
  endfacet
  facet normal 1 0 0
    outer loop
      vertex 10.29 23.45 0
      vertex 10.29 18.45 2
      vertex 10.29 18.45 0
    endloop
  endfacet
  facet normal -1 0 0
    outer loop
      vertex 19.29 18.45 0
      vertex 19.29 23.45 2
      vertex 19.29 23.45 0
    endloop
  endfacet
  facet normal -1 -0 0
    outer loop
      vertex 19.29 23.45 2
      vertex 19.29 18.45 0
      vertex 19.29 18.45 2
    endloop
  endfacet
  facet normal 0 -1 0
    outer loop
      vertex 10.29 23.45 0
      vertex 19.29 23.45 2
      vertex 10.29 23.45 2
    endloop
  endfacet
  facet normal 0 -1 -0
    outer loop
      vertex 19.29 23.45 2
      vertex 10.29 23.45 0
      vertex 19.29 23.45 0
    endloop
  endfacet
  facet normal 0 1 -0
    outer loop
      vertex 19.29 18.45 0
      vertex 10.29 18.45 2
      vertex 19.29 18.45 2
    endloop
  endfacet
  facet normal 0 1 0
    outer loop
      vertex 10.29 18.45 2
      vertex 19.29 18.45 0
      vertex 10.29 18.45 0
    endloop
  endfacet
  facet normal 1 -0 0
    outer loop
      vertex 40.26 0 2
      vertex 40.26 14.8 0
      vertex 40.26 14.8 2
    endloop
  endfacet
  facet normal 1 0 0
    outer loop
      vertex 40.26 14.8 0
      vertex 40.26 0 2
      vertex 40.26 0 0
    endloop
  endfacet
  facet normal -1 0 0
    outer loop
      vertex 68.06 0 0
      vertex 68.06 14.8 2
      vertex 68.06 14.8 0
    endloop
  endfacet
  facet normal -1 -0 0
    outer loop
      vertex 68.06 14.8 2
      vertex 68.06 0 0
      vertex 68.06 0 2
    endloop
  endfacet
  facet normal 0 -1 0
    outer loop
      vertex 40.26 14.8 0
      vertex 68.06 14.8 2
      vertex 40.26 14.8 2
    endloop
  endfacet
  facet normal 0 -1 -0
    outer loop
      vertex 68.06 14.8 2
      vertex 40.26 14.8 0
      vertex 68.06 14.8 0
    endloop
  endfacet
  facet normal -0.995197 -0.0978934 0
    outer loop
      vertex 44.65 31.34 0
      vertex 44.6193 31.6521 2
      vertex 44.6193 31.6521 0
    endloop
  endfacet
  facet normal -0.995197 -0.0978934 0
    outer loop
      vertex 44.6193 31.6521 2
      vertex 44.65 31.34 0
      vertex 44.65 31.34 2
    endloop
  endfacet
  facet normal 0.995197 -0.0978934 0
    outer loop
      vertex 41.45 31.34 2
      vertex 41.4807 31.6521 0
      vertex 41.4807 31.6521 2
    endloop
  endfacet
  facet normal 0.995197 -0.0978934 0
    outer loop
      vertex 41.4807 31.6521 0
      vertex 41.45 31.34 2
      vertex 41.45 31.34 0
    endloop
  endfacet
  facet normal 0.0978934 -0.995197 0
    outer loop
      vertex 42.7379 32.9093 0
      vertex 43.05 32.94 2
      vertex 42.7379 32.9093 2
    endloop
  endfacet
  facet normal 0.0978934 -0.995197 0
    outer loop
      vertex 43.05 32.94 2
      vertex 42.7379 32.9093 0
      vertex 43.05 32.94 0
    endloop
  endfacet
  facet normal -0.0978934 0.995197 0
    outer loop
      vertex 43.3621 29.7707 0
      vertex 43.05 29.74 2
      vertex 43.3621 29.7707 2
    endloop
  endfacet
  facet normal -0.0978934 0.995197 0
    outer loop
      vertex 43.05 29.74 2
      vertex 43.3621 29.7707 0
      vertex 43.05 29.74 0
    endloop
  endfacet
  facet normal -0.634175 -0.77319 0
    outer loop
      vertex 43.9389 32.6703 0
      vertex 44.1814 32.4714 2
      vertex 43.9389 32.6703 2
    endloop
  endfacet
  facet normal -0.634175 -0.77319 -0
    outer loop
      vertex 44.1814 32.4714 2
      vertex 43.9389 32.6703 0
      vertex 44.1814 32.4714 0
    endloop
  endfacet
  facet normal 0.77319 -0.634175 0
    outer loop
      vertex 41.7197 32.2289 2
      vertex 41.9186 32.4714 0
      vertex 41.9186 32.4714 2
    endloop
  endfacet
  facet normal 0.77319 -0.634175 0
    outer loop
      vertex 41.9186 32.4714 0
      vertex 41.7197 32.2289 2
      vertex 41.7197 32.2289 0
    endloop
  endfacet
  facet normal 0.471531 -0.881849 0
    outer loop
      vertex 42.1611 32.6703 0
      vertex 42.4377 32.8182 2
      vertex 42.1611 32.6703 2
    endloop
  endfacet
  facet normal 0.471531 -0.881849 0
    outer loop
      vertex 42.4377 32.8182 2
      vertex 42.1611 32.6703 0
      vertex 42.4377 32.8182 0
    endloop
  endfacet
  facet normal -0.881982 -0.471283 0
    outer loop
      vertex 44.5282 31.9523 0
      vertex 44.3804 32.2289 2
      vertex 44.3804 32.2289 0
    endloop
  endfacet
  facet normal -0.881982 -0.471283 0
    outer loop
      vertex 44.3804 32.2289 2
      vertex 44.5282 31.9523 0
      vertex 44.5282 31.9523 2
    endloop
  endfacet
  facet normal -0.956909 -0.290388 0
    outer loop
      vertex 44.6193 31.6521 0
      vertex 44.5282 31.9523 2
      vertex 44.5282 31.9523 0
    endloop
  endfacet
  facet normal -0.956909 -0.290388 0
    outer loop
      vertex 44.5282 31.9523 2
      vertex 44.6193 31.6521 0
      vertex 44.6193 31.6521 2
    endloop
  endfacet
  facet normal -0.773033 -0.634365 0
    outer loop
      vertex 44.3804 32.2289 0
      vertex 44.1814 32.4714 2
      vertex 44.1814 32.4714 0
    endloop
  endfacet
  facet normal -0.773033 -0.634365 0
    outer loop
      vertex 44.1814 32.4714 2
      vertex 44.3804 32.2289 0
      vertex 44.3804 32.2289 2
    endloop
  endfacet
  facet normal -0.290388 -0.956909 0
    outer loop
      vertex 43.3621 32.9093 0
      vertex 43.6623 32.8182 2
      vertex 43.3621 32.9093 2
    endloop
  endfacet
  facet normal -0.290388 -0.956909 -0
    outer loop
      vertex 43.6623 32.8182 2
      vertex 43.3621 32.9093 0
      vertex 43.6623 32.8182 0
    endloop
  endfacet
  facet normal -0.0978934 -0.995197 0
    outer loop
      vertex 43.05 32.94 0
      vertex 43.3621 32.9093 2
      vertex 43.05 32.94 2
    endloop
  endfacet
  facet normal -0.0978934 -0.995197 -0
    outer loop
      vertex 43.3621 32.9093 2
      vertex 43.05 32.94 0
      vertex 43.3621 32.9093 0
    endloop
  endfacet
  facet normal -0.471531 -0.881849 0
    outer loop
      vertex 43.6623 32.8182 0
      vertex 43.9389 32.6703 2
      vertex 43.6623 32.8182 2
    endloop
  endfacet
  facet normal -0.471531 -0.881849 -0
    outer loop
      vertex 43.9389 32.6703 2
      vertex 43.6623 32.8182 0
      vertex 43.9389 32.6703 0
    endloop
  endfacet
  facet normal 0.881849 -0.471531 0
    outer loop
      vertex 41.5718 31.9523 2
      vertex 41.7197 32.2289 0
      vertex 41.7197 32.2289 2
    endloop
  endfacet
  facet normal 0.881849 -0.471531 0
    outer loop
      vertex 41.7197 32.2289 0
      vertex 41.5718 31.9523 2
      vertex 41.5718 31.9523 0
    endloop
  endfacet
  facet normal 0.956909 -0.290388 0
    outer loop
      vertex 41.4807 31.6521 2
      vertex 41.5718 31.9523 0
      vertex 41.5718 31.9523 2
    endloop
  endfacet
  facet normal 0.956909 -0.290388 0
    outer loop
      vertex 41.5718 31.9523 0
      vertex 41.4807 31.6521 2
      vertex 41.4807 31.6521 0
    endloop
  endfacet
  facet normal 0.634175 -0.77319 0
    outer loop
      vertex 41.9186 32.4714 0
      vertex 42.1611 32.6703 2
      vertex 41.9186 32.4714 2
    endloop
  endfacet
  facet normal 0.634175 -0.77319 0
    outer loop
      vertex 42.1611 32.6703 2
      vertex 41.9186 32.4714 0
      vertex 42.1611 32.6703 0
    endloop
  endfacet
  facet normal 0.290388 -0.956909 0
    outer loop
      vertex 42.4377 32.8182 0
      vertex 42.7379 32.9093 2
      vertex 42.4377 32.8182 2
    endloop
  endfacet
  facet normal 0.290388 -0.956909 0
    outer loop
      vertex 42.7379 32.9093 2
      vertex 42.4377 32.8182 0
      vertex 42.7379 32.9093 0
    endloop
  endfacet
  facet normal -0.995197 0.0978934 0
    outer loop
      vertex 44.6193 31.0279 0
      vertex 44.65 31.34 2
      vertex 44.65 31.34 0
    endloop
  endfacet
  facet normal -0.995197 0.0978934 0
    outer loop
      vertex 44.65 31.34 2
      vertex 44.6193 31.0279 0
      vertex 44.6193 31.0279 2
    endloop
  endfacet
  facet normal -0.881982 0.471283 0
    outer loop
      vertex 44.3804 30.4511 0
      vertex 44.5282 30.7277 2
      vertex 44.5282 30.7277 0
    endloop
  endfacet
  facet normal -0.881982 0.471283 0
    outer loop
      vertex 44.5282 30.7277 2
      vertex 44.3804 30.4511 0
      vertex 44.3804 30.4511 2
    endloop
  endfacet
  facet normal -0.634365 0.773033 0
    outer loop
      vertex 44.1814 30.2086 0
      vertex 43.9389 30.0096 2
      vertex 44.1814 30.2086 2
    endloop
  endfacet
  facet normal -0.634365 0.773033 0
    outer loop
      vertex 43.9389 30.0096 2
      vertex 44.1814 30.2086 0
      vertex 43.9389 30.0096 0
    endloop
  endfacet
  facet normal -0.956909 0.290388 0
    outer loop
      vertex 44.5282 30.7277 0
      vertex 44.6193 31.0279 2
      vertex 44.6193 31.0279 0
    endloop
  endfacet
  facet normal -0.956909 0.290388 0
    outer loop
      vertex 44.6193 31.0279 2
      vertex 44.5282 30.7277 0
      vertex 44.5282 30.7277 2
    endloop
  endfacet
  facet normal 0.471283 0.881982 -0
    outer loop
      vertex 42.4377 29.8618 0
      vertex 42.1611 30.0096 2
      vertex 42.4377 29.8618 2
    endloop
  endfacet
  facet normal 0.471283 0.881982 0
    outer loop
      vertex 42.1611 30.0096 2
      vertex 42.4377 29.8618 0
      vertex 42.1611 30.0096 0
    endloop
  endfacet
  facet normal 0.290388 0.956909 -0
    outer loop
      vertex 42.7379 29.7707 0
      vertex 42.4377 29.8618 2
      vertex 42.7379 29.7707 2
    endloop
  endfacet
  facet normal 0.290388 0.956909 0
    outer loop
      vertex 42.4377 29.8618 2
      vertex 42.7379 29.7707 0
      vertex 42.4377 29.8618 0
    endloop
  endfacet
  facet normal 0.0978934 0.995197 -0
    outer loop
      vertex 43.05 29.74 0
      vertex 42.7379 29.7707 2
      vertex 43.05 29.74 2
    endloop
  endfacet
  facet normal 0.0978934 0.995197 0
    outer loop
      vertex 42.7379 29.7707 2
      vertex 43.05 29.74 0
      vertex 42.7379 29.7707 0
    endloop
  endfacet
  facet normal 0.634365 0.773033 -0
    outer loop
      vertex 42.1611 30.0096 0
      vertex 41.9186 30.2086 2
      vertex 42.1611 30.0096 2
    endloop
  endfacet
  facet normal 0.634365 0.773033 0
    outer loop
      vertex 41.9186 30.2086 2
      vertex 42.1611 30.0096 0
      vertex 41.9186 30.2086 0
    endloop
  endfacet
  facet normal 0.77319 0.634175 0
    outer loop
      vertex 41.9186 30.2086 2
      vertex 41.7197 30.4511 0
      vertex 41.7197 30.4511 2
    endloop
  endfacet
  facet normal 0.77319 0.634175 0
    outer loop
      vertex 41.7197 30.4511 0
      vertex 41.9186 30.2086 2
      vertex 41.9186 30.2086 0
    endloop
  endfacet
  facet normal 0.956909 0.290388 0
    outer loop
      vertex 41.5718 30.7277 2
      vertex 41.4807 31.0279 0
      vertex 41.4807 31.0279 2
    endloop
  endfacet
  facet normal 0.956909 0.290388 0
    outer loop
      vertex 41.4807 31.0279 0
      vertex 41.5718 30.7277 2
      vertex 41.5718 30.7277 0
    endloop
  endfacet
  facet normal 0.995197 0.0978934 0
    outer loop
      vertex 41.4807 31.0279 2
      vertex 41.45 31.34 0
      vertex 41.45 31.34 2
    endloop
  endfacet
  facet normal 0.995197 0.0978934 0
    outer loop
      vertex 41.45 31.34 0
      vertex 41.4807 31.0279 2
      vertex 41.4807 31.0279 0
    endloop
  endfacet
  facet normal -0.471283 0.881982 0
    outer loop
      vertex 43.9389 30.0096 0
      vertex 43.6623 29.8618 2
      vertex 43.9389 30.0096 2
    endloop
  endfacet
  facet normal -0.471283 0.881982 0
    outer loop
      vertex 43.6623 29.8618 2
      vertex 43.9389 30.0096 0
      vertex 43.6623 29.8618 0
    endloop
  endfacet
  facet normal -0.290388 0.956909 0
    outer loop
      vertex 43.6623 29.8618 0
      vertex 43.3621 29.7707 2
      vertex 43.6623 29.8618 2
    endloop
  endfacet
  facet normal -0.290388 0.956909 0
    outer loop
      vertex 43.3621 29.7707 2
      vertex 43.6623 29.8618 0
      vertex 43.3621 29.7707 0
    endloop
  endfacet
  facet normal -0.773033 0.634365 0
    outer loop
      vertex 44.1814 30.2086 0
      vertex 44.3804 30.4511 2
      vertex 44.3804 30.4511 0
    endloop
  endfacet
  facet normal -0.773033 0.634365 0
    outer loop
      vertex 44.3804 30.4511 2
      vertex 44.1814 30.2086 0
      vertex 44.1814 30.2086 2
    endloop
  endfacet
  facet normal 0.881849 0.471531 0
    outer loop
      vertex 41.7197 30.4511 2
      vertex 41.5718 30.7277 0
      vertex 41.5718 30.7277 2
    endloop
  endfacet
  facet normal 0.881849 0.471531 0
    outer loop
      vertex 41.5718 30.7277 0
      vertex 41.7197 30.4511 2
      vertex 41.7197 30.4511 0
    endloop
  endfacet
endsolid OpenSCAD_Model
